{"districtPlanId": "Co_E_1_2021", "data": {"white": [0.5444885370105056, 0.5583381251602086, 0.6560244085607319, 0.6672532332752309, 0.7489005340065455, 0.7576037632583499, 0.76086787841167], "af_amer": [0.012157170291833053, 0.014248026226455355, 0.018134607337532596, 0.022919019280463894, 0.07001526920636152, 0.09349686995125493, 0.11141101404293939], "asian": [0.012665681973745832, 0.0407654555682722, 0.04405761839177292, 0.04585743679984482, 0.04731098468368356, 0.049248040082359494, 0.07121647741837152], "hispanic": [0.13640148812204264, 0.14230013551074247, 0.15128568934508682, 0.17893237487425767, 0.22087250507471787, 0.25743438536594826, 0.2779716064812377], "native_hawaiian": [0.0013800480522755552, 0.0014784249716646761, 0.001488124104562195, 0.00162113853806558, 0.0024511094422444346, 0.003225650014202282, 0.0052319894030045146], "two_or_more": [0.002858473023940231, 0.003005345607816947, 0.003055226862718473, 0.0038491648365351974, 0.006799092161160792, 0.007768994686268125, 0.00968666258379358], "democraticPres": [0.4045044125899097, 0.4476442700488542, 0.45784393793154654, 0.5246720476689923, 0.5729633045346243, 0.622305647219142, 0.7040795690621955], "republicanPres": [0.2959204309378045, 0.37769435278085794, 0.42703669546537565, 0.47532795233100766, 0.5421560620684535, 0.5523557299511458, 0.5954955874100903], "democraticSen": [0.37864287206145136, 0.42108178369336197, 0.4478414249124327, 0.5099454804214067, 0.5507611782393229, 0.5951037592699451, 0.6793484816151569], "republicanSen": [0.32065151838484307, 0.4048962407300549, 0.4492388217606771, 0.4900545195785932, 0.5521585750875673, 0.5789182163066381, 0.6213571279385487]}}