{"Box_Whisker_Percents": {"white": [0.5720622217811676, 0.6223198899481543, 0.6527156335815486, 0.6815903213394063, 0.6996539398708674, 0.7375069644041565, 0.7885221380505747], "af_amer": [0.15267813067184316, 0.20818394870661067, 0.25587779975123265, 0.26023532088781015, 0.30027894834845587, 0.32748929435170737, 0.3737790269074825], "asian": [0.007694129429864286, 0.009951361959932873, 0.012798704228268828, 0.013221313287640946, 0.013852462502480933, 0.01703269579805733, 0.019795796010773952], "hispanic": [0.000209394099381661, 0.0002142728470793473, 0.0003109469600415078, 0.0003734958471699369, 0.0005147026309971258, 0.0006379540106042133, 0.0009000716345672048], "native_hawaiian": [0.018918585799209277, 0.02708214689850528, 0.029312214692789704, 0.030651777369207937, 0.031596727835507404, 0.03211067462483557, 0.03307252907138589], "two_or_more": [0.0009310439638580489, 0.0011722592430977229, 0.001657255863482206, 0.0018279805361828797, 0.0019705359677049043, 0.002071191686933451, 0.0026599138053247894], "democraticPres": [0.34452888057829567, 0.37017890742996, 0.4103931385328827, 0.43022450740034507, 0.49385877998167915, 0.5163990438579399, 0.5177690638626986], "republicanPres": [0.48223093613730134, 0.4836009561420601, 0.5061412200183208, 0.569775492599655, 0.5896068614671174, 0.6298210925700399, 0.6554711194217043], "democraticSen": [0.350425334841089, 0.3823314092636914, 0.41888034301630134, 0.43704558929072923, 0.5016555850000266, 0.518353869035436, 0.5246509670729325], "republicanSen": [0.47534903292706754, 0.481646130964564, 0.49834441499997334, 0.5629544107092708, 0.5811196569836986, 0.6176685907363086, 0.649574665158911]}, "Seat_Vote_Input": {"democraticPres": [120869, 142303, 188166, 151618, 131616, 172050, 184919], "republicanPres": [229955, 204445, 176215, 200798, 223931, 160241, 189518], "democraticSen": [123335, 144977, 189943, 154066, 135785, 174554, 188168], "republicanSen": [228623, 201129, 176492, 198451, 219365, 158151, 186926]}, "Majority_Minority_Districts": [], "districtPlanId": "ScSW9", "stateId": "39", "proposedBy": "MGGG-generated", "total_pop": 3848630, "white": 2612114, "af_amer": 1034326, "asian": 51957, "hispanic": 1740, "native_hawaiian": 111747, "two_or_more": 6798, "democraticPres": 1091541, "democraticSen": 1110828, "republicanPres": 1385103, "republicanSen": 1369137, "polsby_popper": 0.097017598592125, "efficiency_gap": 0.10017103790451919, "num_majority_minority_districts": 0, "vote_split_democrats_pres": 0.44073391250417904, "vote_split_republicans_pres": 0.559266087495821, "vote_split_democrats_sen": 0.44792083759246604, "vote_split_republicans_sen": 0.552079162407534}