{"Box_Whisker_Percents": {"white": [0.5182103526204398, 0.6148992562294225, 0.6529049614568783, 0.7003469218752594, 0.7192302011476961, 0.728150083149046, 0.8184199183823192], "af_amer": [0.12983630611215552, 0.21341354081334885, 0.2215651628455716, 0.24625182359917153, 0.2990325417766051, 0.3251277066003907, 0.4448326577465294], "asian": [0.00786131936722029, 0.010315735792997938, 0.012508597368059059, 0.0131631123005107, 0.016450994598263005, 0.01703491775209107, 0.017092138987234072], "hispanic": [0.00012933933467846242, 0.00025138083669386734, 0.0002914069978255136, 0.0002923557054202389, 0.0004456875601815764, 0.0007887086271884372, 0.0009719129909938494], "native_hawaiian": [0.01786418911647595, 0.027754373517216914, 0.030277408409372278, 0.030605177390491123, 0.031213747032905016, 0.03240675354689607, 0.03328938754893755], "two_or_more": [0.0009681973053073472, 0.0012744832629584184, 0.001438461814398967, 0.0018544756319713786, 0.001975331285249209, 0.001986362890241001, 0.0028907088289511092], "democraticPres": [0.3047306367828168, 0.38543740148772776, 0.417584010458403, 0.4393378312582597, 0.5020534406929115, 0.5136900261703984, 0.522312234784415], "republicanPres": [0.47768776521558504, 0.4863099738296016, 0.4979465593070885, 0.5606621687417402, 0.582415989541597, 0.6145625985122722, 0.6952693632171832], "democraticSen": [0.31340713263768893, 0.3945233634915168, 0.42583477960942334, 0.45068218957659983, 0.5014934016848359, 0.5231875161822419, 0.5260893588982162], "republicanSen": [0.4739106411017838, 0.47681248381775815, 0.4985065983151641, 0.5493178104234002, 0.5741652203905767, 0.6054766365084833, 0.6865928673623111]}, "Seat_Vote_Input": {"democraticPres": [176014, 157909, 152685, 104419, 186182, 137674, 176658], "republicanPres": [160976, 201516, 212954, 238241, 184659, 219515, 167242], "democraticSen": [178046, 161890, 155560, 107556, 187044, 140891, 179841], "republicanSen": [160387, 197321, 209746, 235627, 185930, 216226, 163900]}, "Majority_Minority_Districts": [], "districtPlanId": "ScSW6", "stateId": "39", "proposedBy": "MGGG-generated", "total_pop": 3848630, "white": 2612114, "af_amer": 1034326, "asian": 51957, "hispanic": 1740, "native_hawaiian": 111747, "two_or_more": 6798, "democraticPres": 1091541, "democraticSen": 1110828, "republicanPres": 1385103, "republicanSen": 1369137, "polsby_popper": 0.09266557678137378, "efficiency_gap": 0.04319191615750992, "num_majority_minority_districts": 0, "vote_split_democrats_pres": 0.44073391250417904, "vote_split_republicans_pres": 0.559266087495821, "vote_split_democrats_sen": 0.44792083759246604, "vote_split_republicans_sen": 0.552079162407534}