{"Box_Whisker_Percents": {"white": [0.5662646038626168, 0.5821435493248918, 0.669845771197924, 0.6987391323113531, 0.7105123490893283, 0.7359304303633065, 0.7869807050801628], "af_amer": [0.16074262663668826, 0.2040325825327696, 0.24502549518625524, 0.26432996113622587, 0.2676522070425522, 0.36915083107989627, 0.37183504061213113], "asian": [0.008773176561793397, 0.00948606364951669, 0.010815755391122422, 0.012617746035944687, 0.01558466858228218, 0.017342998920033034, 0.019482573331464328], "hispanic": [0.00015950848866645273, 0.00020468604240442701, 0.00021026299047886048, 0.00043930486465533947, 0.0005014768769563109, 0.0007431578073958632, 0.0008858552561921636], "native_hawaiian": [0.017941890119293584, 0.025004302029652304, 0.029900418077948927, 0.031442416493996976, 0.032243919445912095, 0.03269017653577655, 0.03354852441688267], "two_or_more": [0.0007787767387832693, 0.001363969822394102, 0.0016767125651006567, 0.0018718129583094535, 0.0019922920004799855, 0.002256530138476274, 0.0023958727492547505], "democraticPres": [0.34864516736167883, 0.3636679170727149, 0.39152531605361796, 0.4203017693139989, 0.49891343556716905, 0.5153903851569711, 0.5452175833885575], "republicanPres": [0.4547824166114425, 0.48460961484302895, 0.501086564432831, 0.5796982306860011, 0.608474683946382, 0.6363320829272852, 0.6513548326383212], "democraticSen": [0.3552754558212987, 0.37469378149103005, 0.3986896048330559, 0.4275049504950495, 0.5060958629039114, 0.5186359701691303, 0.5524452989004693], "republicanSen": [0.44755470109953066, 0.4813640298308696, 0.4939041370960886, 0.5724950495049504, 0.6013103951669441, 0.62530621850897, 0.6447245441787013]}, "Seat_Vote_Input": {"democraticPres": [118554, 184836, 148778, 197456, 135586, 136210, 170121], "republicanPres": [221488, 173797, 205201, 164704, 210716, 238335, 170862], "democraticSen": [121258, 186933, 151123, 200573, 138191, 140104, 172646], "republicanSen": [220049, 173499, 202377, 162491, 208422, 233812, 168487]}, "Majority_Minority_Districts": [], "districtPlanId": "ScSW8", "stateId": "39", "proposedBy": "MGGG-generated", "total_pop": 3848630, "white": 2612114, "af_amer": 1034326, "asian": 51957, "hispanic": 1740, "native_hawaiian": 111747, "two_or_more": 6798, "democraticPres": 1091541, "democraticSen": 1110828, "republicanPres": 1385103, "republicanSen": 1369137, "polsby_popper": 0.1280634410225006, "efficiency_gap": 0.09043164863420015, "num_majority_minority_districts": 0, "vote_split_democrats_pres": 0.44073391250417904, "vote_split_republicans_pres": 0.559266087495821, "vote_split_democrats_sen": 0.44792083759246604, "vote_split_republicans_sen": 0.552079162407534}