{"Box_Whisker_Percents": {"white": [0.5664800327531453, 0.6039215043243312, 0.620246630140534, 0.6607161616478094, 0.7573654325759458, 0.7624669980383192, 0.7807674930615816], "af_amer": [0.16767127315495442, 0.1831460570755455, 0.19336384017463384, 0.2820340332518103, 0.33292444130241156, 0.3520153187178772, 0.3687070990967066], "asian": [0.010113487504349839, 0.01185089034071758, 0.011874593383180946, 0.012539744480395056, 0.013152848862077612, 0.017477890358263623, 0.017625101892526897], "hispanic": [0.00018989955604064958, 0.00022956213755144652, 0.00023448587222619837, 0.00033358705608501493, 0.000443573249404121, 0.0007579697476016066, 0.0009753228964221427], "native_hawaiian": [0.021460493517603506, 0.02199788292695369, 0.026141674964083414, 0.031228261415222208, 0.032537294203178635, 0.03497726090757195, 0.03507640249397793], "two_or_more": [0.000994769262722935, 0.0011873331465065856, 0.0011881784122506618, 0.0016494431336550944, 0.0021902579534892283, 0.0025837362929193456, 0.002613405776400835], "democraticPres": [0.3430783879911502, 0.3469414851396558, 0.4424849144541652, 0.46734503461321397, 0.4675692604444305, 0.47893784726708877, 0.5472270970039168], "republicanPres": [0.4527729029960832, 0.5210621527329112, 0.5324307395555695, 0.532654965386786, 0.5575150855458348, 0.6530585148603443, 0.6569216120088498], "democraticSen": [0.3534791598284196, 0.35420755466281434, 0.4443984043028575, 0.47472595353512087, 0.47914686969027365, 0.4832023473876073, 0.5548289818268392], "republicanSen": [0.44517101817316085, 0.5167976526123926, 0.5208531303097264, 0.5252740464648791, 0.5556015956971425, 0.6457924453371857, 0.6465208401715804]}, "Seat_Vote_Input": {"democraticPres": [163011, 120201, 178409, 170499, 164791, 172127, 122503], "republicanPres": [205388, 226258, 203158, 185495, 187820, 142417, 234567], "democraticSen": [164091, 123085, 181370, 172582, 168917, 174785, 125998], "republicanSen": [205152, 224409, 200682, 184581, 183620, 140240, 230453]}, "Majority_Minority_Districts": [], "districtPlanId": "ScSW7", "stateId": "39", "proposedBy": "MGGG-generated", "total_pop": 3848630, "white": 2612114, "af_amer": 1034326, "asian": 51957, "hispanic": 1740, "native_hawaiian": 111747, "two_or_more": 6798, "democraticPres": 1091541, "democraticSen": 1110828, "republicanPres": 1385103, "republicanSen": 1369137, "polsby_popper": 0.11902231449360598, "efficiency_gap": 0.25446370168663723, "num_majority_minority_districts": 0, "vote_split_democrats_pres": 0.44073391250417904, "vote_split_republicans_pres": 0.559266087495821, "vote_split_democrats_sen": 0.44792083759246604, "vote_split_republicans_sen": 0.552079162407534}