{"Box_Whisker_Percents": {"white": [0.5810903446937852, 0.5976360359313826, 0.6751511818686676, 0.6761355485299112, 0.6907377537527064, 0.7402191125976794, 0.7873108696348552], "af_amer": [0.16157454699473586, 0.19767308489225668, 0.26281857633078937, 0.2665602249444178, 0.28695560587708674, 0.34125919566412977, 0.3669773930396061], "asian": [0.009008845411408783, 0.009300027609456966, 0.00941048216479892, 0.01240047409390049, 0.01662252989895433, 0.0180151847028179, 0.01975177773235337], "hispanic": [0.0001682310952567876, 0.00022886786695148, 0.0002415191372137408, 0.0004305207823283229, 0.0004858394700968476, 0.000695176780006498, 0.000923144091877812], "native_hawaiian": [0.017830649686479107, 0.024577865934289494, 0.03025840485583097, 0.03071822378513438, 0.03208510684483485, 0.03339208151900664, 0.03445787946957139], "two_or_more": [0.0008353293467542915, 0.001456762137262595, 0.001660603714470226, 0.0017660757361522782, 0.001813444762009845, 0.0019406375799194886, 0.0029138681276041425], "democraticPres": [0.3459496936838636, 0.3649926148896157, 0.4037389317503968, 0.42344792442692913, 0.5017402043336702, 0.5201280267186196, 0.5233871674628566], "republicanPres": [0.47661283253714337, 0.4798719732813805, 0.49825979566632983, 0.5765520755730709, 0.5962610682496032, 0.6350073851103842, 0.6540503063161365], "democraticSen": [0.35280691420674654, 0.3757007457786906, 0.41104478045521226, 0.43172852974896664, 0.5090825891209684, 0.5224839459698849, 0.5304404852989397], "republicanSen": [0.4695595147010602, 0.47751605403011516, 0.4909174108790317, 0.5682714702510334, 0.5889552195447877, 0.6242992542213094, 0.6471930857932534]}, "Seat_Vote_Input": {"democraticPres": [121748, 152899, 169822, 186882, 130229, 191074, 138887], "republicanPres": [230176, 208182, 168644, 172418, 226570, 173998, 205115], "democraticSen": [124586, 155522, 172439, 188763, 133902, 194120, 141496], "republicanSen": [228542, 204709, 166286, 172517, 222504, 171840, 202739]}, "Majority_Minority_Districts": [], "districtPlanId": "ScSW6", "stateId": "39", "proposedBy": "MGGG-generated", "total_pop": 3848630, "white": 2612114, "af_amer": 1034326, "asian": 51957, "hispanic": 1740, "native_hawaiian": 111747, "two_or_more": 6798, "democraticPres": 1091541, "democraticSen": 1110828, "republicanPres": 1385103, "republicanSen": 1369137, "polsby_popper": 0.10493993817938595, "efficiency_gap": 0.047676613998620714, "num_majority_minority_districts": 0, "vote_split_democrats_pres": 0.44073391250417904, "vote_split_republicans_pres": 0.559266087495821, "vote_split_democrats_sen": 0.44792083759246604, "vote_split_republicans_sen": 0.552079162407534}