{"Box_Whisker_Percents": {"white": [0.5894226442144358, 0.6283871039565382, 0.6544847492119302, 0.6727276288006381, 0.6774090713093216, 0.7358582475796139, 0.7922507464606775], "af_amer": [0.15742056068086505, 0.20145619871613904, 0.2594706253063511, 0.2848764959532262, 0.3050083746835256, 0.3275128210837248, 0.346043496898796], "asian": [0.009444846016073151, 0.009737344050349194, 0.01042449581081156, 0.01185224099020622, 0.014613990369992226, 0.01838884491262254, 0.02016665499614873], "hispanic": [9.792017547295444e-05, 0.0001713723423466586, 0.00024677339151990145, 0.0002733083046944395, 0.0006504169637321068, 0.0007638954238235734, 0.0009480595018507616], "native_hawaiian": [0.02079174461185604, 0.02226155752974269, 0.02497676621291051, 0.030105013749886087, 0.03254416062563804, 0.03426273943231868, 0.03803443963991526], "two_or_more": [0.0008980324924483631, 0.0010254912922258502, 0.0010710730859646953, 0.0014938147848352784, 0.0016916108631637914, 0.0024079312272699597, 0.0037335401395586277], "democraticPres": [0.33517916997823005, 0.3746314733563225, 0.4121534502570632, 0.44851932846805026, 0.4485424540872321, 0.5213443713295125, 0.5502006370744219], "republicanPres": [0.44979936292557815, 0.4786556286704875, 0.5514575459127679, 0.5514806715319497, 0.5878465497429368, 0.6253685266436775, 0.66482083002177], "democraticSen": [0.34280657293992234, 0.3849273750781847, 0.4195790052745688, 0.45619779204969985, 0.45999328895631797, 0.5232910865234177, 0.5532289138907273], "republicanSen": [0.44677108610927274, 0.4767089134765823, 0.540006711043682, 0.5438022079503001, 0.5804209947254312, 0.6150726249218152, 0.6571934270600777]}, "Seat_Vote_Input": {"democraticPres": [116397, 152796, 160591, 184204, 134822, 156531, 186200], "republicanPres": [230871, 217930, 197456, 169121, 225057, 192446, 152222], "democraticSen": [119308, 155595, 163020, 185963, 138468, 160390, 188084], "republicanSen": [228725, 215241, 194325, 169409, 221257, 188289, 151891]}, "Majority_Minority_Districts": [], "districtPlanId": "ScSW5", "stateId": "39", "proposedBy": "MGGG-generated", "total_pop": 3848630, "white": 2612114, "af_amer": 1034326, "asian": 51957, "hispanic": 1740, "native_hawaiian": 111747, "two_or_more": 6798, "democraticPres": 1091541, "democraticSen": 1110828, "republicanPres": 1385103, "republicanSen": 1369137, "polsby_popper": 0.11924890837931226, "efficiency_gap": 0.10215961599648557, "num_majority_minority_districts": 0, "vote_split_democrats_pres": 0.44073391250417904, "vote_split_republicans_pres": 0.559266087495821, "vote_split_democrats_sen": 0.44792083759246604, "vote_split_republicans_sen": 0.552079162407534}