{"Box_Whisker_Percents": {"white": [0.523031225069782, 0.6005583002940481, 0.6490070830562981, 0.6530018508558534, 0.7152895395697179, 0.789096642805841, 0.8222087985866368], "af_amer": [0.12497930354377915, 0.16781170319028532, 0.22695553727665593, 0.28305595885856955, 0.3029010777837963, 0.35574418002670455, 0.4205661070237865], "asian": [0.009895956512913721, 0.01042948660282777, 0.012765392250155109, 0.013672123822729514, 0.014410457440669473, 0.016367694750125512, 0.016481607807210006], "hispanic": [0.00010144297851897079, 0.00018463367755205284, 0.00023464255186810855, 0.0003875468285751195, 0.00039350312767141133, 0.0008194749209921255, 0.0010133389969923811], "native_hawaiian": [0.020865451900157494, 0.021836655263535242, 0.02570909598993992, 0.029899076146043816, 0.0317428890780775, 0.031857077096346324, 0.04005420844810508], "two_or_more": [0.0010117925529852497, 0.0010279578462793326, 0.0011790353729752077, 0.0016666333097408895, 0.002130344518772813, 0.0021598699758274553, 0.0030933821520894803], "democraticPres": [0.30132450331125826, 0.3922803283930982, 0.4342057312794431, 0.44099405845461936, 0.4696257494550732, 0.48000345023706903, 0.5744819709577419], "republicanPres": [0.4255180290422581, 0.519996549762931, 0.5303742505449268, 0.5590059415453806, 0.5657942687205569, 0.6077196716069018, 0.6986754966887417], "democraticSen": [0.3113968862573447, 0.3998390217038282, 0.43507020727863216, 0.44792750306308804, 0.4813769898509292, 0.4874401334553086, 0.5802387247911385], "republicanSen": [0.4197612752088616, 0.5125598665446914, 0.5186230101490708, 0.552072496936912, 0.5649297927213679, 0.6001609782961719, 0.6886031137426554]}, "Seat_Vote_Input": {"democraticPres": [178076, 106652, 190134, 163234, 138615, 162452, 152378], "republicanPres": [192913, 247292, 140832, 212703, 214742, 183466, 193155], "democraticSen": [181162, 110128, 192453, 163971, 141577, 166529, 155008], "republicanSen": [190498, 243530, 139226, 212913, 212508, 179414, 191048]}, "Majority_Minority_Districts": [], "districtPlanId": "ScSW3", "stateId": "39", "proposedBy": "MGGG-generated", "total_pop": 3848630, "white": 2612114, "af_amer": 1034326, "asian": 51957, "hispanic": 1740, "native_hawaiian": 111747, "two_or_more": 6798, "democraticPres": 1091541, "democraticSen": 1110828, "republicanPres": 1385103, "republicanSen": 1369137, "polsby_popper": 0.09369094701931457, "efficiency_gap": 0.2478329545950084, "num_majority_minority_districts": 0, "vote_split_democrats_pres": 0.44073391250417904, "vote_split_republicans_pres": 0.559266087495821, "vote_split_democrats_sen": 0.44792083759246604, "vote_split_republicans_sen": 0.552079162407534}