{"Box_Whisker_Percents": {"white": [0.577946672596716, 0.5976097341144659, 0.6745318709734293, 0.687770499686694, 0.6922811879155761, 0.7288326894326272, 0.7936650787149806], "af_amer": [0.15590667730091326, 0.20982096599908226, 0.25054282092009966, 0.26489476346521806, 0.2865853210604803, 0.34106173952230734, 0.37087616478841917], "asian": [0.008626069740249492, 0.00972823975309185, 0.009821710608475908, 0.011559354185079002, 0.01642000901306895, 0.018591707743091018, 0.019853037611296503], "hispanic": [0.00010080127852676182, 0.00016940384419218045, 0.00019099811205712313, 0.0004810752401675622, 0.0005146948057071942, 0.0007607030193780982, 0.0009322929016404044], "native_hawaiian": [0.01828990574977778, 0.024633999721421922, 0.03017287836002673, 0.03122242706397997, 0.03167123267709077, 0.033406974850866675, 0.03370527264533574], "two_or_more": [0.0008925488698054024, 0.0011747930824664422, 0.0016023222895245486, 0.001659429054398671, 0.0016980621901757549, 0.0022999097058779994, 0.003018227728241143], "democraticPres": [0.3328947748893965, 0.3830538638310376, 0.39081143901654697, 0.42139359634272167, 0.5063378945788847, 0.5156782237176337, 0.5330162227403024], "republicanPres": [0.46698377725969764, 0.4843217762823663, 0.4936621054211154, 0.5786064036572783, 0.609188560983453, 0.6169461361689624, 0.6671052251106034], "democraticSen": [0.34024764586410633, 0.3934772179594191, 0.3977296111811152, 0.4307936589531161, 0.5144289314944351, 0.5164797262806451, 0.5399617938171837], "republicanSen": [0.4600382061828163, 0.4835202737193549, 0.48557106850556486, 0.5692063410468838, 0.6022703888188847, 0.6065227820405809, 0.6597523541358936]}, "Seat_Vote_Input": {"democraticPres": [115125, 187247, 185754, 138545, 138184, 178835, 147851], "republicanPres": [230705, 164050, 174459, 215961, 222559, 174358, 203011], "democraticSen": [117938, 190228, 187180, 141091, 141893, 181650, 150848], "republicanSen": [228686, 162071, 175235, 213650, 218720, 171460, 199315]}, "Majority_Minority_Districts": [], "districtPlanId": "ScSW4", "stateId": "39", "proposedBy": "MGGG-generated", "total_pop": 3848630, "white": 2612114, "af_amer": 1034326, "asian": 51957, "hispanic": 1740, "native_hawaiian": 111747, "two_or_more": 6798, "democraticPres": 1091541, "democraticSen": 1110828, "republicanPres": 1385103, "republicanSen": 1369137, "polsby_popper": 0.12058906172679648, "efficiency_gap": 0.04842964915425875, "num_majority_minority_districts": 0, "vote_split_democrats_pres": 0.44073391250417904, "vote_split_republicans_pres": 0.559266087495821, "vote_split_democrats_sen": 0.44792083759246604, "vote_split_republicans_sen": 0.552079162407534}