{"Box_Whisker_Percents": {"white": [0.48941142315418984, 0.641639111381461, 0.6788581991780183, 0.7024785888491861, 0.724617181462456, 0.7280180575630738, 0.7877932664190023], "af_amer": [0.16031381351562599, 0.21540512892093572, 0.2248654583856405, 0.2575936324277315, 0.2583732658518638, 0.30554375865835587, 0.45783475834532544], "asian": [0.008460384370728775, 0.010046698050781767, 0.012419091446335467, 0.01252229617334808, 0.013748931465017464, 0.017333938190680666, 0.0197329456738276], "hispanic": [0.00020998223227265385, 0.00021330834245430482, 0.00021363885580322537, 0.00044508817382176813, 0.0004973936934852358, 0.0007921047585424556, 0.0007952527269087443], "native_hawaiian": [0.018856937590985574, 0.02758846176710226, 0.028467384817753183, 0.031123216420775014, 0.03124652689843148, 0.03220624921481003, 0.03350772135254878], "two_or_more": [0.0009282891876051651, 0.0014637792686980813, 0.0016085547135898394, 0.0016619106588416878, 0.0018565720646939753, 0.002182786585784255, 0.002630791370000735], "democraticPres": [0.3471524959963128, 0.36660028904603775, 0.39742288148509813, 0.4095367284782646, 0.45773764661547883, 0.5177921558348394, 0.599413266300908], "republicanPres": [0.400586733699092, 0.48220784416516066, 0.5422623533845212, 0.5904632715217354, 0.6025771185149019, 0.6333997109539623, 0.6528475040036872], "democraticSen": [0.3538126171687666, 0.37396642410983666, 0.4095152779863402, 0.4177689797044154, 0.46456917600682496, 0.5199473229351003, 0.6053916435807071], "republicanSen": [0.39460835641929287, 0.4800526770648998, 0.5354308239931751, 0.5822310202955846, 0.5904847220136599, 0.6260335758901634, 0.6461873828312333]}, "Seat_Vote_Input": {"democraticPres": [119007, 187666, 142803, 199827, 132919, 155477, 153842], "republicanPres": [223802, 174769, 205891, 133544, 229653, 184187, 233257], "democraticSen": [121731, 189513, 145407, 202357, 135727, 157921, 158172], "republicanSen": [222324, 174972, 202649, 131901, 227212, 182009, 228070]}, "Majority_Minority_Districts": [], "districtPlanId": "ScSW2", "stateId": "39", "proposedBy": "MGGG-generated", "total_pop": 3848630, "white": 2612114, "af_amer": 1034326, "asian": 51957, "hispanic": 1740, "native_hawaiian": 111747, "two_or_more": 6798, "democraticPres": 1091541, "democraticSen": 1110828, "republicanPres": 1385103, "republicanSen": 1369137, "polsby_popper": 0.13093665803063845, "efficiency_gap": 0.10052070463094413, "num_majority_minority_districts": 0, "vote_split_democrats_pres": 0.44073391250417904, "vote_split_republicans_pres": 0.559266087495821, "vote_split_democrats_sen": 0.44792083759246604, "vote_split_republicans_sen": 0.552079162407534}