{"Box_Whisker_Percents": {"white": [0.582696163761761, 0.5915572076758568, 0.6696323874806451, 0.6843129780879812, 0.6909718131479736, 0.7381940731022038, 0.7950174258647665], "af_amer": [0.15095235226353676, 0.2020904194620698, 0.2530299722075221, 0.2685464037464656, 0.2863010838741105, 0.35081967805329173, 0.3677000932801563], "asian": [0.00958875937392122, 0.010201902686145146, 0.010301153464743645, 0.013825675628800783, 0.013935249407548696, 0.0167512867582879, 0.02010976363441234], "hispanic": [0.00011308477878877504, 0.0001591313647920005, 0.000235626767200754, 0.00047925434634114096, 0.0005384079662328164, 0.0007622391769261893, 0.0008854420546637237], "native_hawaiian": [0.018826210532516492, 0.02481775952956732, 0.030161808019155485, 0.031581983718820116, 0.03234639616207156, 0.032449845864619915, 0.03323245074853408], "two_or_more": [0.0008320570216776626, 0.001576227839732772, 0.00169308370679861, 0.0017033349216520706, 0.0020985047694125473, 0.0021060921334026934, 0.0023577110371725096], "democraticPres": [0.335035418029906, 0.3715930705361109, 0.41779240885540386, 0.41780497799161964, 0.4985237097780551, 0.5163281815472389, 0.5345430382023294], "republicanPres": [0.4654569617976706, 0.4836718184527611, 0.501476290221945, 0.5821950220083804, 0.5822075911445962, 0.6284069294638891, 0.664964581970094], "democraticSen": [0.3415849908372972, 0.38278411762191733, 0.42509645367580995, 0.4260597969824438, 0.5067766597804964, 0.5185110964970463, 0.5405545911402834], "republicanSen": [0.4594454088597166, 0.4814889035029537, 0.49322334021950365, 0.5739402030175562, 0.57490354632419, 0.6172158823780827, 0.6584150091627028]}, "Seat_Vote_Input": {"democraticPres": [117250, 178974, 175367, 181905, 158041, 149502, 130502], "republicanPres": [232713, 180034, 152702, 170400, 220224, 208336, 220694], "democraticSen": [119855, 182021, 177803, 183709, 160865, 152235, 134340], "republicanSen": [231024, 177153, 151124, 170592, 217555, 205074, 216615]}, "Majority_Minority_Districts": [], "districtPlanId": "ScSW7", "stateId": "39", "proposedBy": "MGGG-generated", "total_pop": 3848630, "white": 2612114, "af_amer": 1034326, "asian": 51957, "hispanic": 1740, "native_hawaiian": 111747, "two_or_more": 6798, "democraticPres": 1091541, "democraticSen": 1110828, "republicanPres": 1385103, "republicanSen": 1369137, "polsby_popper": 0.11285717562625452, "efficiency_gap": 0.10675171724317262, "num_majority_minority_districts": 0, "vote_split_democrats_pres": 0.44073391250417904, "vote_split_republicans_pres": 0.559266087495821, "vote_split_democrats_sen": 0.44792083759246604, "vote_split_republicans_sen": 0.552079162407534}