{"Box_Whisker_Percents": {"white": [0.5133685801962008, 0.6049651350727314, 0.6681513804063083, 0.67640917847781, 0.7407075161003794, 0.7506452509349555, 0.798669411434453], "af_amer": [0.1471189295405633, 0.19494479267510775, 0.20295925593025493, 0.27118197992076387, 0.28563690444734674, 0.3506719002539829, 0.4273199740412428], "asian": [0.010055876241052874, 0.010741443866217965, 0.0125187791123425, 0.013629643492093198, 0.015093471300652384, 0.015654495656826615, 0.01673565690268653], "hispanic": [0.00018708190373092174, 0.00020572092917915463, 0.00024936504271530827, 0.0003175761744177478, 0.0005244653367261708, 0.0007837962704960028, 0.000896416206606157], "native_hawaiian": [0.021984761025167398, 0.0256396222284295, 0.02821667353844533, 0.03127511220439975, 0.03169083933751286, 0.0319720565843381, 0.03210540163979297], "two_or_more": [0.0009568229046409605, 0.0013440835802027388, 0.0014230603724869962, 0.0018735950244662197, 0.0019406755871619725, 0.002272290105291164, 0.0024984998473528888], "democraticPres": [0.337019835568089, 0.35700617716497235, 0.4344670924403393, 0.44558892792679466, 0.46612921382367967, 0.4797956816442262, 0.5658869623695214], "republicanPres": [0.43411303763047865, 0.5202043183557739, 0.5338707861763203, 0.5544110720732054, 0.5655329075596607, 0.6429938228350277, 0.662980164431911], "democraticSen": [0.3429507924160823, 0.3685656253545017, 0.43800085523721727, 0.4518153163670324, 0.478068149003754, 0.4831012197103515, 0.5738761032988673], "republicanSen": [0.4261238967011327, 0.5168987802896484, 0.5219318509962461, 0.5481846836329676, 0.5619991447627828, 0.6314343746454983, 0.6570492075839177]}, "Seat_Vote_Input": {"democraticPres": [156260, 132465, 152317, 182414, 161490, 113056, 193539], "republicanPres": [203399, 238579, 189516, 197777, 184959, 222402, 148471], "democraticSen": [157739, 136457, 154810, 184335, 165555, 115512, 196420], "republicanSen": [202395, 233781, 187830, 197231, 180745, 221306, 145849]}, "Majority_Minority_Districts": [], "districtPlanId": "ScSW4", "stateId": "39", "proposedBy": "MGGG-generated", "total_pop": 3848630, "white": 2612114, "af_amer": 1034326, "asian": 51957, "hispanic": 1740, "native_hawaiian": 111747, "two_or_more": 6798, "democraticPres": 1091541, "democraticSen": 1110828, "republicanPres": 1385103, "republicanSen": 1369137, "polsby_popper": 0.09503738002649573, "efficiency_gap": 0.24337369440258672, "num_majority_minority_districts": 0, "vote_split_democrats_pres": 0.44073391250417904, "vote_split_republicans_pres": 0.559266087495821, "vote_split_democrats_sen": 0.44792083759246604, "vote_split_republicans_sen": 0.552079162407534}