{"Box_Whisker_Percents": {"white": [0.5747024128686327, 0.6119556032734815, 0.6166589745116722, 0.7081530639244263, 0.7130896957238085, 0.741904082620388, 0.786176922535224], "af_amer": [0.16224068412984166, 0.19720777732087816, 0.24370248046314072, 0.251524989809564, 0.32941281562648883, 0.3317070730709522, 0.36413047363717604], "asian": [0.00974575630696676, 0.010156467887612005, 0.010462571462601239, 0.011897517754187785, 0.016403932082216265, 0.017374962261353304, 0.01820057569350689], "hispanic": [0.00010391946430460874, 0.00018043092621804273, 0.00022883786122413952, 0.00030749747997627357, 0.0004280312053358742, 0.0008007149240393209, 0.0010996491595538565], "native_hawaiian": [0.018376752933772892, 0.025499947095545445, 0.028879666863771077, 0.030631278066784274, 0.03252292758456408, 0.03339167900902114, 0.033983914209115285], "two_or_more": [0.0008974734869884222, 0.0011525613313783877, 0.0016124576346167388, 0.0018856121537086685, 0.002179462673128833, 0.0022907652502374464, 0.002343005597903764], "democraticPres": [0.34436265216960166, 0.3654498999673419, 0.37585910034522374, 0.4075626178292486, 0.49133058300177646, 0.5444570830072021, 0.5569247322125175], "republicanPres": [0.4430752677874825, 0.4555429169927979, 0.5086694169982235, 0.5924373821707514, 0.6241408996547763, 0.6345501000326581, 0.6556373478303983], "democraticSen": [0.3513639217692612, 0.376353483054667, 0.3828834274595142, 0.41504777113016084, 0.4984667212484557, 0.5478436789854321, 0.5634263742123802], "republicanSen": [0.4365736257876198, 0.4521563210145679, 0.5015332787515443, 0.5849522288698392, 0.6171165725404858, 0.623646516945333, 0.6486360782307388]}, "Seat_Vote_Input": {"democraticPres": [197730, 130540, 193377, 151328, 133163, 118073, 167330], "republicanPres": [157309, 216771, 161797, 219972, 231218, 224801, 173235], "democraticSen": [200746, 133016, 195515, 153869, 136946, 120872, 169864], "republicanSen": [155549, 214390, 161366, 216857, 226930, 223136, 170909]}, "Majority_Minority_Districts": [], "districtPlanId": "ScSW0", "stateId": "39", "proposedBy": "MGGG-generated", "total_pop": 3848630, "white": 2612114, "af_amer": 1034326, "asian": 51957, "hispanic": 1740, "native_hawaiian": 111747, "two_or_more": 6798, "democraticPres": 1091541, "democraticSen": 1110828, "republicanPres": 1385103, "republicanSen": 1369137, "polsby_popper": 0.11075748046799236, "efficiency_gap": 0.0947035585251655, "num_majority_minority_districts": 0, "vote_split_democrats_pres": 0.44073391250417904, "vote_split_republicans_pres": 0.559266087495821, "vote_split_democrats_sen": 0.44792083759246604, "vote_split_republicans_sen": 0.552079162407534}