{"Box_Whisker_Percents": {"white": [0.5222163888055543, 0.6067370357694516, 0.6436010336623813, 0.6794736965953911, 0.7232348921205721, 0.7785310068380099, 0.7979277398807859], "af_amer": [0.15289822326468838, 0.1716447329639236, 0.21526135145183278, 0.27631471770653643, 0.30207852720199135, 0.3494479665212565, 0.41305590079858284], "asian": [0.00996865442179088, 0.010217004543633501, 0.010576388750617696, 0.011191567500878684, 0.015444470643716105, 0.018254998841551136, 0.018641337733396192], "hispanic": [0.00020454080589077522, 0.00020631926432445179, 0.00022816538731074495, 0.0003170859986595047, 0.00043754886560076897, 0.0007964399491421306, 0.0009554958071335306], "native_hawaiian": [0.021536277391164205, 0.02492139659738224, 0.02515805529356284, 0.029348052190254853, 0.033688963318656236, 0.033957818092995605, 0.034666566665238076], "two_or_more": [0.0009724191506815083, 0.0012231784956378213, 0.001556682239522714, 0.0018301696005057662, 0.001899033806029567, 0.0023714624494635636, 0.002527194396501801], "democraticPres": [0.3157595037840822, 0.3905414339695662, 0.4130135129027884, 0.4307786324809747, 0.4650766417908345, 0.4969626134089149, 0.5780183258089444], "republicanPres": [0.4219816741910556, 0.5030373865910851, 0.5349233582091655, 0.5692213675190253, 0.5869864870972116, 0.6094585660304338, 0.6842404962159179], "democraticSen": [0.3243509150747906, 0.3994460905327685, 0.4198994425065492, 0.4332306076855556, 0.47683341646869176, 0.5016115495354774, 0.5849425944024105], "republicanSen": [0.4150574055975895, 0.49838845046452257, 0.5231665835313082, 0.5667693923144443, 0.5801005574934508, 0.6005539094672315, 0.6756490849252094]}, "Seat_Vote_Input": {"democraticPres": [157195, 146220, 170078, 145315, 165085, 108686, 198962], "republicanPres": [207714, 207812, 172157, 226771, 189878, 235519, 145252], "democraticSen": [158432, 148906, 172127, 148699, 169201, 111759, 201704], "republicanSen": [207267, 205717, 171021, 223564, 185642, 232803, 143123]}, "Majority_Minority_Districts": [], "districtPlanId": "ScSW2", "stateId": "39", "proposedBy": "MGGG-generated", "total_pop": 3848630, "white": 2612114, "af_amer": 1034326, "asian": 51957, "hispanic": 1740, "native_hawaiian": 111747, "two_or_more": 6798, "democraticPres": 1091541, "democraticSen": 1110828, "republicanPres": 1385103, "republicanSen": 1369137, "polsby_popper": 0.11435914047568023, "efficiency_gap": 0.24248378047066918, "num_majority_minority_districts": 0, "vote_split_democrats_pres": 0.44073391250417904, "vote_split_republicans_pres": 0.559266087495821, "vote_split_democrats_sen": 0.44792083759246604, "vote_split_republicans_sen": 0.552079162407534}