{"Box_Whisker_Percents": {"white": [0.5798951998801459, 0.5858673601322829, 0.6063144235421768, 0.6898599277554903, 0.7526799039470072, 0.7585016279519162, 0.7771492133545241], "af_amer": [0.17509228977639865, 0.17845853188999203, 0.20348910133009035, 0.23984554116489232, 0.35021297341681207, 0.3622661807522288, 0.37252834504284993], "asian": [0.007406314762003621, 0.010142813155232328, 0.011875727833804606, 0.012442898095482201, 0.016627948744329945, 0.017468124592100513, 0.01854495672110357], "hispanic": [0.00018144895236140232, 0.00018538950695390642, 0.00021670800508444328, 0.00023086165933181, 0.00036103927997404916, 0.0007617232273238424, 0.0012268887341352166], "native_hawaiian": [0.021530109529185788, 0.022042743945334866, 0.024065515018411074, 0.027142463736552512, 0.030963507681310887, 0.03627069577170025, 0.04128859867276829], "two_or_more": [0.000918241668010733, 0.0010488754128697194, 0.0017354851163485247, 0.001918691402066643, 0.0019761476787556833, 0.002098426271930387, 0.0026570061389116022], "democraticPres": [0.3189043364069771, 0.37254324064873606, 0.4361780487542609, 0.4586429753812559, 0.46831249697352945, 0.4790077629750161, 0.5523669503960764], "republicanPres": [0.4476330496039236, 0.5209922370249839, 0.5316875030264706, 0.541357024618744, 0.5638219512457391, 0.627456759351264, 0.6810956635930229], "democraticSen": [0.3302830358959079, 0.3788322860583438, 0.4389928397367771, 0.46833854878281694, 0.48019672205885705, 0.48390839557072535, 0.5554256208618624], "republicanSen": [0.4445743791381375, 0.5160916044292747, 0.5198032779411429, 0.5316614512171831, 0.5610071602632228, 0.6211677139416563, 0.6697169641040921]}, "Seat_Vote_Input": {"democraticPres": [169563, 132723, 194616, 156267, 162253, 111709, 164410], "republicanPres": [184425, 223539, 157715, 184449, 209735, 238581, 186659], "democraticSen": [171832, 135589, 196634, 159392, 163574, 115281, 168526], "republicanSen": [183260, 222324, 157390, 180943, 209038, 233756, 182426]}, "Majority_Minority_Districts": [], "districtPlanId": "ScSW9", "stateId": "39", "proposedBy": "MGGG-generated", "total_pop": 3848630, "white": 2612114, "af_amer": 1034326, "asian": 51957, "hispanic": 1740, "native_hawaiian": 111747, "two_or_more": 6798, "democraticPres": 1091541, "democraticSen": 1110828, "republicanPres": 1385103, "republicanSen": 1369137, "polsby_popper": 0.09364107825789707, "efficiency_gap": 0.23920636151178773, "num_majority_minority_districts": 0, "vote_split_democrats_pres": 0.44073391250417904, "vote_split_republicans_pres": 0.559266087495821, "vote_split_democrats_sen": 0.44792083759246604, "vote_split_republicans_sen": 0.552079162407534}