{"Box_Whisker_Percents": {"white": [0.5620242137281596, 0.5979176426197893, 0.6740990430930475, 0.6780296315519192, 0.6937224979949277, 0.7660790835838418, 0.7773532603913056], "af_amer": [0.1652470593411751, 0.17312296554545617, 0.2634430162067645, 0.2639829064552077, 0.28165142812237864, 0.35383852616344247, 0.3817626121520621], "asian": [0.007639320536119531, 0.009748986625625908, 0.009817484699015144, 0.015117633229268613, 0.015756238993934434, 0.016377122994338682, 0.020097808968585085], "hispanic": [9.935042883257827e-05, 0.00019893349542729258, 0.0002266135708633429, 0.00022916605555718518, 0.0004101281604931746, 0.0007599822853050044, 0.0012202280367847168], "native_hawaiian": [0.019086710758844782, 0.024794254293744898, 0.0294818349680738, 0.030147786483250318, 0.03137807495003638, 0.03223174738200698, 0.03601095714971807], "two_or_more": [0.0009941756657230526, 0.0011867860316909804, 0.0013206973724200813, 0.001721495409345575, 0.001979757733150714, 0.002041199423361163, 0.0031133284360992984], "democraticPres": [0.3422434901845555, 0.36802553973759944, 0.3918149890369418, 0.4113313081913701, 0.5067409797925896, 0.511967904256766, 0.5608561348031681], "republicanPres": [0.43914386519683196, 0.48803209574323403, 0.4932590202074104, 0.5886686918086299, 0.6081850109630582, 0.6319744602624006, 0.6577565098154444], "democraticSen": [0.35332632021880916, 0.3742427666346303, 0.3989844143899561, 0.42205760693520383, 0.5129822303869696, 0.5137686018403214, 0.5672861954434281], "republicanSen": [0.4327138045565719, 0.4862313981596786, 0.4870177696130305, 0.5779423930647961, 0.601015585610044, 0.6257572333653697, 0.6466736797811908]}, "Seat_Vote_Input": {"democraticPres": [122299, 180696, 179476, 191552, 134531, 141350, 141637], "republicanPres": [235046, 172248, 174701, 149983, 231017, 219407, 202701], "democraticSen": [125952, 182356, 181785, 194367, 137456, 144023, 144889], "republicanSen": [230523, 172582, 172584, 148259, 229835, 216951, 198403]}, "Majority_Minority_Districts": [], "districtPlanId": "ScSW1", "stateId": "39", "proposedBy": "MGGG-generated", "total_pop": 3848630, "white": 2612114, "af_amer": 1034326, "asian": 51957, "hispanic": 1740, "native_hawaiian": 111747, "two_or_more": 6798, "democraticPres": 1091541, "democraticSen": 1110828, "republicanPres": 1385103, "republicanSen": 1369137, "polsby_popper": 0.12122430020970971, "efficiency_gap": 0.04195031663816035, "num_majority_minority_districts": 0, "vote_split_democrats_pres": 0.44073391250417904, "vote_split_republicans_pres": 0.559266087495821, "vote_split_democrats_sen": 0.44792083759246604, "vote_split_republicans_sen": 0.552079162407534}