{"Box_Whisker_Percents": {"white": [0.5534198987324966, 0.6067370357694516, 0.6302655534492647, 0.6441148945360305, 0.75907642208827, 0.7776049655889956, 0.7804830391346669], "af_amer": [0.17095132501438576, 0.1765995365558866, 0.17876441066589702, 0.28691058959038224, 0.32410992336952543, 0.3494479665212565, 0.39286886485250566], "asian": [0.00996865442179088, 0.010139053461278531, 0.01073076778768588, 0.01350251112144421, 0.013740812721499615, 0.01677884961485854, 0.02008514438362703], "hispanic": [0.00017815689565172464, 0.00022816538731074495, 0.00039593981714779354, 0.00045560202894770225, 0.0004849481677072462, 0.000659683817848391, 0.0007852375343541421], "native_hawaiian": [0.021536277391164205, 0.02189548247559696, 0.025894275315839408, 0.028999162865140156, 0.029770024899478886, 0.03476408231136978, 0.04080699733640487], "two_or_more": [0.0009724191506815083, 0.001394968492953004, 0.0016026471371219173, 0.0016832693069555413, 0.0018285220646461738, 0.0022017444590714183, 0.002732673705483418], "democraticPres": [0.3379010880374208, 0.3519399559415476, 0.4457089518749215, 0.456147052815603, 0.4650766417908345, 0.4794640581644078, 0.5551682102430143], "republicanPres": [0.4448317897569857, 0.5205359418355922, 0.5349233582091655, 0.543852947184397, 0.5542910481250786, 0.6480600440584524, 0.6620989119625792], "democraticSen": [0.3458767642838223, 0.36152991909081733, 0.44678501308900526, 0.4627953272489669, 0.47683341646869176, 0.4866926999954261, 0.5616676719605125], "republicanSen": [0.4383323280394875, 0.5133073000045739, 0.5231665835313082, 0.5372046727510331, 0.5532149869109948, 0.6384700809091827, 0.6541232357161777]}, "Seat_Vote_Input": {"democraticPres": [173810, 115870, 171946, 175336, 165085, 122057, 167437], "republicanPres": [216153, 227041, 205007, 140489, 189878, 224755, 181780], "democraticSen": [174768, 118827, 174590, 177856, 169201, 125337, 170249], "republicanSen": [216400, 224726, 202661, 138801, 185642, 221348, 179559]}, "Majority_Minority_Districts": [], "districtPlanId": "ScSW8", "stateId": "39", "proposedBy": "MGGG-generated", "total_pop": 3848630, "white": 2612114, "af_amer": 1034326, "asian": 51957, "hispanic": 1740, "native_hawaiian": 111747, "two_or_more": 6798, "democraticPres": 1091541, "democraticSen": 1110828, "republicanPres": 1385103, "republicanSen": 1369137, "polsby_popper": 0.09446443870291364, "efficiency_gap": 0.25394646949662525, "num_majority_minority_districts": 0, "vote_split_democrats_pres": 0.44073391250417904, "vote_split_republicans_pres": 0.559266087495821, "vote_split_democrats_sen": 0.44792083759246604, "vote_split_republicans_sen": 0.552079162407534}