{"Box_Whisker_Percents": {"white": [0.49795268299458306, 0.6016557893064961, 0.674227103303799, 0.7128613042609475, 0.7180104292017649, 0.7706068710294667, 0.7734458485745438], "af_amer": [0.1703441454766378, 0.17141939782447713, 0.22495233349413601, 0.23120722874338437, 0.27997496984591946, 0.3572599159651732, 0.44822075096069264], "asian": [0.00877709112436288, 0.010900813480007618, 0.01357130941228879, 0.013691374600675958, 0.015311426975089098, 0.015409798946944487, 0.01681713202252651], "hispanic": [8.16200676539672e-05, 0.00022741383542457803, 0.0002774287829711739, 0.0003061473283604252, 0.00047140659189737444, 0.0008685587295708134, 0.0009438550875054923], "native_hawaiian": [0.01998534444171708, 0.0258663063291828, 0.02933098754571971, 0.029494037048228432, 0.0318686703396251, 0.033144573034469986, 0.0337389780870172], "two_or_more": [0.001095557127799356, 0.0012281083067832222, 0.0014782301141774057, 0.0018652111214837058, 0.0018660123569074099, 0.0019083794540311538, 0.0029686559562942727], "democraticPres": [0.34149950814764124, 0.35147323773431455, 0.415493481079028, 0.41935501362360883, 0.4650962959568301, 0.5036933251736614, 0.6027306781404214], "republicanPres": [0.3972693218595786, 0.49630667482633856, 0.5349037040431699, 0.5806449863763912, 0.584506518920972, 0.6485267622656854, 0.6585004918523587], "democraticSen": [0.35248016439294483, 0.3577937474304316, 0.4247361206494728, 0.4261923790688539, 0.4774001743079287, 0.5021436112918191, 0.6086358006302818], "republicanSen": [0.3913641993697183, 0.49785638870818094, 0.5225998256920713, 0.5738076209311461, 0.5752638793505273, 0.6422062525695684, 0.6475198356070552]}, "Seat_Vote_Input": {"democraticPres": [150960, 162380, 191634, 154677, 119769, 124463, 187658], "republicanPres": [212367, 186752, 126309, 214168, 230946, 229655, 184906], "democraticSen": [153997, 166521, 194097, 157314, 123502, 127059, 188338], "republicanSen": [208574, 182287, 124808, 211801, 226878, 228059, 186730]}, "Majority_Minority_Districts": [], "districtPlanId": "ScSW0", "stateId": "39", "proposedBy": "MGGG-generated", "total_pop": 3848630, "white": 2612114, "af_amer": 1034326, "asian": 51957, "hispanic": 1740, "native_hawaiian": 111747, "two_or_more": 6798, "democraticPres": 1091541, "democraticSen": 1110828, "republicanPres": 1385103, "republicanSen": 1369137, "polsby_popper": 0.10757098985764267, "efficiency_gap": 0.10266029352623954, "num_majority_minority_districts": 0, "vote_split_democrats_pres": 0.44073391250417904, "vote_split_republicans_pres": 0.559266087495821, "vote_split_democrats_sen": 0.44792083759246604, "vote_split_republicans_sen": 0.552079162407534}