{"Box_Whisker_Percents": {"white": [0.5027412072178784, 0.6047525660196705, 0.6703104630389648, 0.6747506616382757, 0.7102765952386615, 0.7549208359505729, 0.8280629087625531], "af_amer": [0.11658118220802152, 0.19597719639595473, 0.2337292882872829, 0.27264738544734685, 0.280680162350671, 0.3511560720352376, 0.4352098875443963], "asian": [0.00995916079292384, 0.010023788707480228, 0.012325817198590121, 0.01382518829661313, 0.015155306570250115, 0.01566869806499256, 0.017345584093572335], "hispanic": [0.00017533377251889945, 0.0002048248837079772, 0.00023289643686935435, 0.00034571000917386896, 0.000638479650061927, 0.0007805102745860736, 0.0008005375555350289], "native_hawaiian": [0.0218996586033977, 0.025225933737452143, 0.026050491130543522, 0.030885906580048913, 0.032747781768391084, 0.03308934507355322, 0.033829366037371446], "two_or_more": [0.0009851888956457608, 0.0011575433525519575, 0.0012846472969403834, 0.0016245556712177398, 0.002228201463045489, 0.0024179132050662073, 0.0027579547100574572], "democraticPres": [0.29781964430960095, 0.39485529236848, 0.41847811037576493, 0.4431089560026981, 0.4679090752342089, 0.47327616447886234, 0.5987284432792966], "republicanPres": [0.40127155672070336, 0.5267238355211377, 0.5320909247657911, 0.5568910439973018, 0.581521889624235, 0.60514470763152, 0.702180355690399], "democraticSen": [0.30486276933449447, 0.4057113245393647, 0.4259340197287982, 0.44555604364352874, 0.47744325532165116, 0.4797696002207423, 0.6056635897679274], "republicanSen": [0.3943364102320725, 0.5202303997792577, 0.5225567446783488, 0.5544439563564713, 0.5740659802712018, 0.5942886754606354, 0.6951372306655055]}, "Seat_Vote_Input": {"democraticPres": [151125, 135709, 201435, 174082, 160549, 105818, 162823], "republicanPres": [210005, 207984, 135003, 218783, 178680, 249491, 185157], "democraticSen": [153976, 139359, 204191, 175472, 162388, 108522, 166920], "republicanSen": [207526, 204134, 132945, 218355, 177732, 247448, 180997]}, "Majority_Minority_Districts": [], "districtPlanId": "ScSW5", "stateId": "39", "proposedBy": "MGGG-generated", "total_pop": 3848630, "white": 2612114, "af_amer": 1034326, "asian": 51957, "hispanic": 1740, "native_hawaiian": 111747, "two_or_more": 6798, "democraticPres": 1091541, "democraticSen": 1110828, "republicanPres": 1385103, "republicanSen": 1369137, "polsby_popper": 0.10038842812138907, "efficiency_gap": 0.2456235131088683, "num_majority_minority_districts": 0, "vote_split_democrats_pres": 0.44073391250417904, "vote_split_republicans_pres": 0.559266087495821, "vote_split_democrats_sen": 0.44792083759246604, "vote_split_republicans_sen": 0.552079162407534}