{"Box_Whisker_Percents": {"white": [0.5410562677260959, 0.5919978381959397, 0.6557290264030664, 0.669115367314058, 0.7569467933351961, 0.7634529027062203, 0.777181472617204], "af_amer": [0.16818808953963113, 0.17956258965905292, 0.19449734554919926, 0.2721821274124839, 0.3007761918640041, 0.34377043035591315, 0.4187242931243507], "asian": [0.00956032823609084, 0.010541674198629858, 0.012521886867521053, 0.013305176216622085, 0.015020441477080546, 0.016130539985690504, 0.017158448033891507], "hispanic": [0.00012500183826232738, 0.00019921274076150914, 0.0003243826424819394, 0.0003875060663152048, 0.0006399723877082157, 0.0006921259773882269, 0.0007883992679149656], "native_hawaiian": [0.01809284276295516, 0.024419476757011133, 0.02466179948130905, 0.03193210540129505, 0.03230372143225867, 0.03554947306026029, 0.03570897321244554], "two_or_more": [0.0008229890741741969, 0.0012690589411473916, 0.001316195826409212, 0.001891154359182705, 0.0019334553475057487, 0.0025244292575772103, 0.0025412960609911056], "democraticPres": [0.32999461260211316, 0.3615358528731217, 0.43803874981348206, 0.4493727821100791, 0.4714020909830778, 0.49560804392860697, 0.5354578181926372], "republicanPres": [0.46454218180736284, 0.504391956071393, 0.5285979090169222, 0.5506272178899209, 0.5619612501865179, 0.6384641471268784, 0.6700053873978868], "democraticSen": [0.34076340085434753, 0.36808734417765243, 0.44557394333914, 0.4510935526218017, 0.47627360219359566, 0.5075075347140433, 0.5426157445510944], "republicanSen": [0.45738425544890565, 0.49249246528595675, 0.5237263978064043, 0.5489064473781983, 0.55442605666086, 0.6319126558223476, 0.6592365991456525]}, "Seat_Vote_Input": {"democraticPres": [197970, 120467, 152653, 162850, 120056, 173187, 164358], "republicanPres": [171751, 212742, 195839, 199544, 243756, 194200, 167271], "democraticSen": [201082, 123190, 155516, 163908, 123646, 175433, 168053], "republicanSen": [169497, 211486, 193508, 199449, 239204, 192912, 163081]}, "Majority_Minority_Districts": [], "districtPlanId": "ScSW1", "stateId": "39", "proposedBy": "MGGG-generated", "total_pop": 3848630, "white": 2612114, "af_amer": 1034326, "asian": 51957, "hispanic": 1740, "native_hawaiian": 111747, "two_or_more": 6798, "democraticPres": 1091541, "democraticSen": 1110828, "republicanPres": 1385103, "republicanSen": 1369137, "polsby_popper": 0.09519407281806457, "efficiency_gap": 0.23218476292918966, "num_majority_minority_districts": 0, "vote_split_democrats_pres": 0.44073391250417904, "vote_split_republicans_pres": 0.559266087495821, "vote_split_democrats_sen": 0.44792083759246604, "vote_split_republicans_sen": 0.552079162407534}