{"Box_Whisker_Percents": {"white": [0.5578946239173813, 0.5642910465958157, 0.6850722103490706, 0.6990443149596034, 0.7129312141415617, 0.7477840495566266, 0.7811589906666307], "af_amer": [0.16752454613235598, 0.19059282059555216, 0.24260209579825048, 0.252248651549215, 0.26098639443464655, 0.3805382519328008, 0.3894413829064895], "asian": [0.007879760962452497, 0.009861047233800614, 0.010181525411954565, 0.011112009414216546, 0.016225871280118435, 0.01909154739796545, 0.02020594521080241], "hispanic": [0.00015543034777540314, 0.00016921709484529103, 0.00026617222610515794, 0.00037326170710022543, 0.0006611510855993029, 0.0007516357243293484, 0.0007813449861610751], "native_hawaiian": [0.01854333175199267, 0.025708529788443006, 0.027953362919169146, 0.031230405763512725, 0.03259411400075865, 0.033112303543504126, 0.03416819836507585], "two_or_more": [0.0008999156215936293, 0.0011934258268036315, 0.0016560733483212597, 0.0018936229462545252, 0.0019927512984048825, 0.002374619704466761, 0.002376218504823956], "democraticPres": [0.3434372911626604, 0.36600373856366797, 0.37946464220905995, 0.41395435532237995, 0.5022475313503362, 0.5180874524499272, 0.5664332931350217], "republicanPres": [0.43356670686497834, 0.48191254755007285, 0.49775246864966377, 0.5860456446776201, 0.62053535779094, 0.633996261436332, 0.6565627088373396], "democraticSen": [0.3512251057179361, 0.3761014605668887, 0.38672489900157414, 0.4222221001968574, 0.5101412471324802, 0.5201139626831393, 0.5727124251201278], "republicanSen": [0.42728757487987223, 0.4798860373168608, 0.48985875286751984, 0.5777778998031425, 0.6132751009984259, 0.6238985394331114, 0.6487748942820639]}, "Seat_Vote_Input": {"democraticPres": [117686, 137806, 165812, 151018, 133535, 202910, 182774], "republicanPres": [224985, 225353, 164328, 213800, 231311, 155314, 170012], "democraticSen": [120682, 140525, 168341, 153783, 137095, 205838, 184564], "republicanSen": [222921, 222847, 161648, 210440, 227421, 153571, 170289]}, "Majority_Minority_Districts": [], "districtPlanId": "ScSW3", "stateId": "39", "proposedBy": "MGGG-generated", "total_pop": 3848630, "white": 2612114, "af_amer": 1034326, "asian": 51957, "hispanic": 1740, "native_hawaiian": 111747, "two_or_more": 6798, "democraticPres": 1091541, "democraticSen": 1110828, "republicanPres": 1385103, "republicanSen": 1369137, "polsby_popper": 0.11004415921166309, "efficiency_gap": 0.038919602494343154, "num_majority_minority_districts": 0, "vote_split_democrats_pres": 0.44073391250417904, "vote_split_republicans_pres": 0.559266087495821, "vote_split_democrats_sen": 0.44792083759246604, "vote_split_republicans_sen": 0.552079162407534}