{"stateId": "co", "frequency_maj_minority_dps": [0, 0, 0, 0, 0, 0, 0, 0, 0, 0], "frequency_republicans_pres_dps": [0.4822497693604657, 0.6011844902063859, 0.5101194632284722, 0.556539210672658, 0.39225749422777817, 0.30376661823071416, 0.3238525181505172, 0.28239106718860296, 0.24079326968319223, 0.41278268674074353, 0.38083512553463983, 0.556539210672658, 0.5091733143540622, 0.4809383898905046, 0.5363589531207386, 0.3202566083364122, 0.27021305157649217, 0.39082410421063185, 0.507889999287751, 0.556539210672658, 0.5901144701434541, 0.2657038032508776, 0.4894508702975856, 0.3800360191343113, 0.5565607950988284, 0.6024112919595964, 0.37462094870448426, 0.26107869630542, 0.4131964055354227, 0.3899091257795815, 0.37015657918091105, 0.5089744108016332, 0.2944600728255846, 0.5417487194040033, 0.2923222229290947, 0.4254699961912234, 0.5068255708724568, 0.2682365555216535, 0.6170569026224301, 0.492179839236298, 0.5127828011856076, 0.6026780860299591, 0.39372302062217146, 0.5550925541152836, 0.4875839724855427, 0.37577609216461666, 0.2810102027693231, 0.24367006596436483, 0.37438722101876987, 0.5117135675725223, 0.37619962083632114, 0.5636396054349707, 0.6067379152418343, 0.29529951660674253, 0.41784477994007624, 0.3186469199494062, 0.29081502264707004, 0.5098622322024641, 0.408261315299598, 0.553701325279099, 0.5354288301599027, 0.4711006560524665, 0.2684246503048367, 0.4072537714921821, 0.218453972094042, 0.532456166822585, 0.3718324088192099, 0.6191106363722467, 0.50663863275158, 0.4982930585845112, 0.3902448537576976, 0.3137824630494555, 0.27061931973701114, 0.5929136298925551, 0.32771270310369044, 0.5549697352254923, 0.5118124729057836, 0.3004049473777955, 0.3930260813607834, 0.4927233625406477], "frequency_democrat_pres_dps": [0.5177502306395343, 0.39881550979361413, 0.48988053677152776, 0.44346078932734195, 0.6077425057722219, 0.6962333817692858, 0.6761474818494828, 0.717608932811397, 0.7592067303168077, 0.5872173132592564, 0.6191648744653602, 0.44346078932734195, 0.49082668564593773, 0.5190616101094954, 0.4636410468792614, 0.6797433916635878, 0.7297869484235078, 0.6091758957893681, 0.492110000712249, 0.44346078932734195, 0.40988552985654586, 0.7342961967491224, 0.5105491297024144, 0.6199639808656887, 0.4434392049011716, 0.3975887080404036, 0.6253790512955157, 0.73892130369458, 0.5868035944645773, 0.6100908742204185, 0.629843420819089, 0.4910255891983668, 0.7055399271744154, 0.4582512805959967, 0.7076777770709053, 0.5745300038087766, 0.4931744291275431, 0.7317634444783465, 0.38294309737756993, 0.5078201607637021, 0.48721719881439235, 0.3973219139700409, 0.6062769793778285, 0.4449074458847165, 0.5124160275144574, 0.6242239078353833, 0.7189897972306769, 0.7563299340356352, 0.6256127789812301, 0.48828643242747766, 0.6238003791636789, 0.4363603945650293, 0.3932620847581657, 0.7047004833932574, 0.5821552200599238, 0.6813530800505938, 0.70918497735293, 0.490137767797536, 0.591738684700402, 0.446298674720901, 0.4645711698400972, 0.5288993439475336, 0.7315753496951634, 0.5927462285078179, 0.7815460279059581, 0.467543833177415, 0.62816759118079, 0.3808893636277533, 0.49336136724842, 0.5017069414154889, 0.6097551462423024, 0.6862175369505445, 0.7293806802629889, 0.40708637010744486, 0.6722872968963095, 0.4450302647745077, 0.4881875270942164, 0.6995950526222046, 0.6069739186392167, 0.5072766374593524], "frequency_republicans_sen_dps": [0.514693040738069, 0.608370388692986, 0.5268799607233451, 0.5824705612264895, 0.4170603809537805, 0.3211149563934096, 0.3470501364774132, 0.30550133025824855, 0.25746922772426534, 0.432905712536175, 0.40536234259598514, 0.5824705612264895, 0.5261515509417543, 0.5095012170098192, 0.5517535017454223, 0.3462211911246292, 0.28428424490071214, 0.414011330318541, 0.5244126629569962, 0.5824705612264895, 0.5990625513189135, 0.29144058617394075, 0.5199926718485038, 0.40596348470596233, 0.5824802025112289, 0.609613912723213, 0.39780661558375296, 0.279161247681385, 0.4445955340629359, 0.4135909589093776, 0.3952358648719898, 0.5254197197714018, 0.3184804813282871, 0.564194164480648, 0.31697374498691283, 0.4493308856170465, 0.5249019843656043, 0.2816368312845702, 0.6285694351417728, 0.5244443128888964, 0.5286345387595142, 0.6103103310908999, 0.41859616923149323, 0.5810625333800414, 0.520366830947952, 0.3983004123118228, 0.30282602713007417, 0.26288057461406517, 0.4060843931770887, 0.5285408772359954, 0.40111066839326626, 0.5891569999579709, 0.6140930013775493, 0.3191447029352894, 0.4436212979508958, 0.33462656535731555, 0.3142764919209372, 0.5201220919080752, 0.43402614138019746, 0.5795366467709542, 0.5513136633958132, 0.5046723212831608, 0.2877964774165043, 0.42522728377655694, 0.2415171047830846, 0.5448365925529065, 0.3973998610897463, 0.6390938868937212, 0.523614347225202, 0.5304503325700578, 0.4142701213225626, 0.3282755495128031, 0.28485141067238495, 0.6012518724292891, 0.3531804486106461, 0.5809902890695574, 0.5284957547066323, 0.32418001525553014, 0.41689186719463905, 0.5248251605690141], "frequency_democrat_sen_dps": [0.48530695926193096, 0.39162961130701396, 0.4731200392766549, 0.4175294387735104, 0.5829396190462195, 0.6788850436065904, 0.6529498635225869, 0.6944986697417515, 0.7425307722757347, 0.567094287463825, 0.5946376574040149, 0.4175294387735104, 0.4738484490582458, 0.49049878299018074, 0.44824649825457774, 0.6537788088753708, 0.7157157550992879, 0.585988669681459, 0.4755873370430038, 0.4175294387735104, 0.40093744868108655, 0.7085594138260592, 0.4800073281514961, 0.5940365152940377, 0.41751979748877116, 0.390386087276787, 0.602193384416247, 0.720838752318615, 0.5554044659370642, 0.5864090410906224, 0.6047641351280102, 0.47458028022859816, 0.6815195186717129, 0.43580583551935204, 0.6830262550130872, 0.5506691143829535, 0.4750980156343957, 0.7183631687154298, 0.3714305648582273, 0.4755556871111036, 0.4713654612404858, 0.3896896689091001, 0.5814038307685068, 0.4189374666199585, 0.479633169052048, 0.6016995876881772, 0.6971739728699258, 0.7371194253859348, 0.5939156068229113, 0.47145912276400465, 0.5988893316067337, 0.41084300004202917, 0.3859069986224507, 0.6808552970647106, 0.5563787020491042, 0.6653734346426844, 0.6857235080790628, 0.47987790809192477, 0.5659738586198025, 0.4204633532290459, 0.4486863366041867, 0.4953276787168393, 0.7122035225834956, 0.5747727162234431, 0.7584828952169154, 0.4551634074470935, 0.6026001389102538, 0.36090611310627885, 0.47638565277479805, 0.4695496674299422, 0.5857298786774374, 0.6717244504871969, 0.715148589327615, 0.39874812757071093, 0.6468195513893539, 0.41900971093044265, 0.4715042452933677, 0.6758199847444699, 0.583108132805361, 0.47517483943098593]}