{"stateId": "sc", "frequency_maj_minority_dps": [0, 0, 0, 0, 0, 0, 0, 0, 0, 0], "frequency_republicans_pres_dps": [0.5655329075596607, 0.6429938228350277, 0.5544110720732054, 0.5202043183557739, 0.5338707861763203, 0.662980164431911, 0.43411303763047865, 0.581521889624235, 0.60514470763152, 0.40127155672070336, 0.5568910439973018, 0.5267238355211377, 0.702180355690399, 0.5320909247657911, 0.584506518920972, 0.5349037040431699, 0.3972693218595786, 0.5806449863763912, 0.6585004918523587, 0.6485267622656854, 0.49630667482633856, 0.5692213675190253, 0.5869864870972116, 0.5030373865910851, 0.6094585660304338, 0.5349233582091655, 0.6842404962159179, 0.4219816741910556, 0.46454218180736284, 0.6384641471268784, 0.5619612501865179, 0.5506272178899209, 0.6700053873978868, 0.5285979090169222, 0.504391956071393, 0.5209922370249839, 0.627456759351264, 0.4476330496039236, 0.541357024618744, 0.5638219512457391, 0.6810956635930229, 0.5316875030264706, 0.5575150855458348, 0.6530585148603443, 0.5324307395555695, 0.5210621527329112, 0.532654965386786, 0.4527729029960832, 0.6569216120088498, 0.5542910481250786, 0.6620989119625792, 0.543852947184397, 0.4448317897569857, 0.5349233582091655, 0.6480600440584524, 0.5205359418355922, 0.519996549762931, 0.6986754966887417, 0.4255180290422581, 0.5657942687205569, 0.6077196716069018, 0.5303742505449268, 0.5590059415453806, 0.47768776521558504, 0.5606621687417402, 0.582415989541597, 0.6952693632171832, 0.4979465593070885, 0.6145625985122722, 0.4863099738296016], "frequency_democrat_pres_dps": [0.4344670924403393, 0.35700617716497235, 0.44558892792679466, 0.4797956816442262, 0.46612921382367967, 0.337019835568089, 0.5658869623695214, 0.41847811037576493, 0.39485529236848, 0.5987284432792966, 0.4431089560026981, 0.47327616447886234, 0.29781964430960095, 0.4679090752342089, 0.415493481079028, 0.4650962959568301, 0.6027306781404214, 0.41935501362360883, 0.34149950814764124, 0.35147323773431455, 0.5036933251736614, 0.4307786324809747, 0.4130135129027884, 0.4969626134089149, 0.3905414339695662, 0.4650766417908345, 0.3157595037840822, 0.5780183258089444, 0.5354578181926372, 0.3615358528731217, 0.43803874981348206, 0.4493727821100791, 0.32999461260211316, 0.4714020909830778, 0.49560804392860697, 0.4790077629750161, 0.37254324064873606, 0.5523669503960764, 0.4586429753812559, 0.4361780487542609, 0.3189043364069771, 0.46831249697352945, 0.4424849144541652, 0.3469414851396558, 0.4675692604444305, 0.47893784726708877, 0.46734503461321397, 0.5472270970039168, 0.3430783879911502, 0.4457089518749215, 0.3379010880374208, 0.456147052815603, 0.5551682102430143, 0.4650766417908345, 0.3519399559415476, 0.4794640581644078, 0.48000345023706903, 0.30132450331125826, 0.5744819709577419, 0.4342057312794431, 0.3922803283930982, 0.4696257494550732, 0.44099405845461936, 0.522312234784415, 0.4393378312582597, 0.417584010458403, 0.3047306367828168, 0.5020534406929115, 0.38543740148772776, 0.5136900261703984], "frequency_republicans_sen_dps": [0.5619991447627828, 0.6314343746454983, 0.5481846836329676, 0.5168987802896484, 0.5219318509962461, 0.6570492075839177, 0.4261238967011327, 0.5740659802712018, 0.5942886754606354, 0.3943364102320725, 0.5544439563564713, 0.5225567446783488, 0.6951372306655055, 0.5202303997792577, 0.5752638793505273, 0.5225998256920713, 0.3913641993697183, 0.5738076209311461, 0.6475198356070552, 0.6422062525695684, 0.49785638870818094, 0.5667693923144443, 0.5801005574934508, 0.49838845046452257, 0.6005539094672315, 0.5231665835313082, 0.6756490849252094, 0.4150574055975895, 0.45738425544890565, 0.6319126558223476, 0.55442605666086, 0.5489064473781983, 0.6592365991456525, 0.5237263978064043, 0.49249246528595675, 0.5160916044292747, 0.6211677139416563, 0.4445743791381375, 0.5316614512171831, 0.5610071602632228, 0.6697169641040921, 0.5198032779411429, 0.5556015956971425, 0.6457924453371857, 0.5252740464648791, 0.5167976526123926, 0.5208531303097264, 0.44517101817316085, 0.6465208401715804, 0.5532149869109948, 0.6541232357161777, 0.5372046727510331, 0.4383323280394875, 0.5231665835313082, 0.6384700809091827, 0.5133073000045739, 0.5125598665446914, 0.6886031137426554, 0.4197612752088616, 0.5649297927213679, 0.6001609782961719, 0.5186230101490708, 0.552072496936912, 0.4739106411017838, 0.5493178104234002, 0.5741652203905767, 0.6865928673623111, 0.4985065983151641, 0.6054766365084833, 0.47681248381775815], "frequency_democrat_sen_dps": [0.43800085523721727, 0.3685656253545017, 0.4518153163670324, 0.4831012197103515, 0.478068149003754, 0.3429507924160823, 0.5738761032988673, 0.4259340197287982, 0.4057113245393647, 0.6056635897679274, 0.44555604364352874, 0.47744325532165116, 0.30486276933449447, 0.4797696002207423, 0.4247361206494728, 0.4774001743079287, 0.6086358006302818, 0.4261923790688539, 0.35248016439294483, 0.3577937474304316, 0.5021436112918191, 0.4332306076855556, 0.4198994425065492, 0.5016115495354774, 0.3994460905327685, 0.47683341646869176, 0.3243509150747906, 0.5849425944024105, 0.5426157445510944, 0.36808734417765243, 0.44557394333914, 0.4510935526218017, 0.34076340085434753, 0.47627360219359566, 0.5075075347140433, 0.48390839557072535, 0.3788322860583438, 0.5554256208618624, 0.46833854878281694, 0.4389928397367771, 0.3302830358959079, 0.48019672205885705, 0.4443984043028575, 0.35420755466281434, 0.47472595353512087, 0.4832023473876073, 0.47914686969027365, 0.5548289818268392, 0.3534791598284196, 0.44678501308900526, 0.3458767642838223, 0.4627953272489669, 0.5616676719605125, 0.47683341646869176, 0.36152991909081733, 0.4866926999954261, 0.4874401334553086, 0.3113968862573447, 0.5802387247911385, 0.43507020727863216, 0.3998390217038282, 0.4813769898509292, 0.44792750306308804, 0.5260893588982162, 0.45068218957659983, 0.42583477960942334, 0.31340713263768893, 0.5014934016848359, 0.3945233634915168, 0.5231875161822419]}