{"stateId": "tn", "frequency_maj_minority_dps": [1, 1, 1, 1, 1, 1, 1, 1, 1, 1], "frequency_republicans_pres_dps": [0.42705944033029686, 0.6699593104978916, 0.6580144717800289, 0.6387626425254997, 0.6719410773815835, 0.2819818082916182, 0.6632800689646556, 0.7698303471100072, 0.7496048957662137, 0.6782880244871239, 0.6385838858608717, 0.757422454202883, 0.44042497831743277, 0.7781780783301788, 0.2819818082916182, 0.6509169236689775, 0.6633877771383482, 0.6447642607328694, 0.4132002643229277, 0.6681715575620768, 0.7768066126524266, 0.68697759558615, 0.7560298017426442, 0.2819818082916182, 0.6399747084018568, 0.6443372497874867, 0.671310123076182, 0.6303110526841886, 0.6727755130728141, 0.7768066126524266, 0.6337896133617702, 0.6528693700014031, 0.2819818082916182, 0.7527803828299785, 0.6650296348654116, 0.472350835019172, 0.5617671201619189, 0.6727755130728141, 0.7768066126524266, 0.6567901385505528, 0.6580221726507415, 0.2819818082916182, 0.6222882963415166, 0.5475862107787397, 0.7660959393198876, 0.6479006816207153, 0.6520853119149052, 0.7768066126524266, 0.5194962956891833, 0.7750197642662067, 0.2819818082916182, 0.5525108102694615, 0.6433250784907081, 0.6815381885472382, 0.7908440673767649, 0.6727755130728141, 0.7448218547562223, 0.47955156292348, 0.6575207191243516, 0.2819818082916182, 0.6012005395948327, 0.6472714693957686, 0.6575303182579565, 0.6788717655187168, 0.6271273726028741, 0.7768066126524266, 0.47282190385446266, 0.7397016637980494, 0.2810773024313731, 0.6296306087978263, 0.6656146340870707, 0.6597609561752988, 0.3205920415201469, 0.6400045352660544, 0.664771730465588, 0.47282190385446266, 0.7758445824363496, 0.6463394475284245, 0.6239272349840213, 0.6451242167095874, 0.7549455552278721, 0.7084431872765117, 0.6722489523972877, 0.7768066126524266, 0.7457919498170413, 0.6713725121471653, 0.2819818082916182, 0.5416138156823843, 0.6612944088837608, 0.4668829841447158], "frequency_democrat_pres_dps": [0.5729405596697031, 0.33004068950210846, 0.3419855282199711, 0.36123735747450025, 0.32805892261841657, 0.7180181917083818, 0.33671993103534437, 0.23016965288999278, 0.2503951042337863, 0.3217119755128761, 0.36141611413912833, 0.24257754579711696, 0.5595750216825672, 0.22182192166982123, 0.7180181917083818, 0.34908307633102253, 0.3366122228616518, 0.35523573926713053, 0.5867997356770722, 0.33182844243792325, 0.22319338734757346, 0.31302240441385, 0.24397019825735572, 0.7180181917083818, 0.3600252915981433, 0.35566275021251326, 0.328689876923818, 0.3696889473158113, 0.3272244869271858, 0.22319338734757346, 0.36621038663822975, 0.3471306299985969, 0.7180181917083818, 0.24721961717002156, 0.3349703651345885, 0.527649164980828, 0.4382328798380812, 0.3272244869271858, 0.22319338734757346, 0.3432098614494472, 0.34197782734925847, 0.7180181917083818, 0.3777117036584834, 0.45241378922126024, 0.23390406068011235, 0.3520993183792846, 0.34791468808509485, 0.22319338734757346, 0.4805037043108167, 0.2249802357337933, 0.7180181917083818, 0.4474891897305386, 0.3566749215092919, 0.3184618114527618, 0.20915593262323506, 0.3272244869271858, 0.2551781452437777, 0.52044843707652, 0.34247928087564833, 0.7180181917083818, 0.3987994604051674, 0.35272853060423137, 0.34246968174204356, 0.3211282344812833, 0.3728726273971259, 0.22319338734757346, 0.5271780961455373, 0.26029833620195064, 0.7189226975686269, 0.37036939120217377, 0.3343853659129294, 0.3402390438247012, 0.6794079584798531, 0.3599954647339456, 0.33522826953441204, 0.5271780961455373, 0.2241554175636504, 0.35366055247157546, 0.3760727650159788, 0.35487578329041264, 0.24505444477212796, 0.29155681272348827, 0.3277510476027124, 0.22319338734757346, 0.2542080501829587, 0.3286274878528347, 0.7180181917083818, 0.45838618431761574, 0.33870559111623916, 0.5331170158552841], "frequency_republicans_sen_dps": [0.4506318956870612, 0.6942074204496318, 0.6805316450463167, 0.6609160024880513, 0.688094377503941, 0.3033828947038669, 0.6929274036058597, 0.7816386768447837, 0.7627597166573684, 0.7021654845750963, 0.6611437981053878, 0.7710089595952002, 0.46657833581078456, 0.7903147731435449, 0.3033828947038669, 0.6790201248058545, 0.6846399173829846, 0.6616731762630716, 0.4440619017696658, 0.6928698349931499, 0.7887117532991266, 0.7109259590700606, 0.7687075051768274, 0.3033828947038669, 0.6622392286987488, 0.666720116877795, 0.6888822964082312, 0.6528606070635259, 0.6970890395153425, 0.7887117532991266, 0.6631932047460498, 0.6728872357708681, 0.3033828947038669, 0.7695149958636358, 0.6809449186344588, 0.49575787718323044, 0.5824382217807028, 0.6970890395153425, 0.7887117532991266, 0.6729882807566994, 0.6795595150424524, 0.3033828947038669, 0.6530765670364812, 0.5707935689358622, 0.7801027594543026, 0.6648881255544786, 0.6789017097616441, 0.7887117532991266, 0.539716076707391, 0.789825153258393, 0.3033828947038669, 0.5810334865881543, 0.6645808823081191, 0.7053222778935544, 0.804407596695444, 0.6970890395153425, 0.7604796102375906, 0.5028989367150847, 0.6758689269817217, 0.3033828947038669, 0.6224783415841584, 0.6638431433082818, 0.6880663233734088, 0.6992040586930766, 0.6583015543371655, 0.7887117532991266, 0.4964069956077264, 0.7559373859345736, 0.3064260944950152, 0.6518423926119223, 0.6848532885739153, 0.6756992220150453, 0.34415925491149957, 0.662500878052952, 0.6837700272031898, 0.4964069956077264, 0.786730752725088, 0.6683260499012247, 0.6536388292143828, 0.6622192027276101, 0.7716650423659356, 0.731228972118278, 0.6964738762518438, 0.7887117532991266, 0.7607924181022652, 0.6929124054129007, 0.3033828947038669, 0.5624616432590136, 0.6778232011858342, 0.4984300596785261], "frequency_democrat_sen_dps": [0.5493681043129388, 0.30579257955036815, 0.3194683549536833, 0.3390839975119488, 0.311905622496059, 0.6966171052961331, 0.30707259639414036, 0.21836132315521628, 0.23724028334263156, 0.2978345154249037, 0.3388562018946122, 0.2289910404047998, 0.5334216641892154, 0.20968522685645508, 0.6966171052961331, 0.3209798751941455, 0.3153600826170155, 0.3383268237369283, 0.5559380982303342, 0.30713016500685014, 0.21128824670087348, 0.2890740409299393, 0.23129249482317263, 0.6966171052961331, 0.3377607713012512, 0.333279883122205, 0.3111177035917689, 0.3471393929364741, 0.30291096048465754, 0.21128824670087348, 0.3368067952539502, 0.32711276422913194, 0.6966171052961331, 0.2304850041363642, 0.3190550813655411, 0.5042421228167695, 0.41756177821929713, 0.30291096048465754, 0.21128824670087348, 0.3270117192433006, 0.32044048495754757, 0.6966171052961331, 0.3469234329635188, 0.42920643106413775, 0.21989724054569731, 0.3351118744455214, 0.32109829023835595, 0.21128824670087348, 0.46028392329260903, 0.21017484674160697, 0.6966171052961331, 0.4189665134118457, 0.335419117691881, 0.29467772210644555, 0.195592403304556, 0.30291096048465754, 0.23952038976240944, 0.49710106328491527, 0.32413107301827826, 0.6966171052961331, 0.37752165841584157, 0.3361568566917182, 0.3119336766265912, 0.3007959413069235, 0.34169844566283447, 0.21128824670087348, 0.5035930043922736, 0.24406261406542643, 0.6935739055049849, 0.34815760738807766, 0.3151467114260848, 0.32430077798495466, 0.6558407450885004, 0.33749912194704806, 0.3162299727968102, 0.5035930043922736, 0.21326924727491203, 0.3316739500987753, 0.34636117078561723, 0.33778079727238985, 0.22833495763406442, 0.26877102788172197, 0.3035261237481562, 0.21128824670087348, 0.2392075818977348, 0.3070875945870994, 0.6966171052961331, 0.43753835674098635, 0.32217679881416583, 0.5015699403214738]}