{
    "districtPlans": [{"districtPlanId": "Tn_Enacted_1_2022", "data": {"White": [0.02601077242540204, 0.061696675900277005, 0.09715648968950821, 0.09757127541259923, 0.11006635103259856, 0.1390427122762746, 0.17156009859359142, 0.17943226013671562, 0.6418193810610382], "Black": [0.3125677410154022, 0.7591851529650573, 0.7843360075968635, 0.7929245136065548, 0.8448277431227396, 0.8455022145293489, 0.8572623176032016, 0.8959851108033241, 0.9426558261954999], "Asian": [0.0056991116681196115, 0.00999954323941633, 0.010747676602637955, 0.010955556686860459, 0.013365650969529085, 0.01570343696520251, 0.016008868130247933, 0.01831049731767435, 0.024323566521800084], "Hispanic": [0.01700530589638861, 0.01746824748458633, 0.01972645429362881, 0.023085407863700384, 0.02478786366229321, 0.024789802292938132, 0.02961322064934663, 0.03558772216770254, 0.0381198347107438], "Native": [0.00019666028007539292, 0.0002635860267984946, 0.00026437452835082164, 0.0002816600114090131, 0.0002986644945612517, 0.0003422020703225255, 0.00045851735514540796, 0.0005869113573407202, 0.0012596056256343338], "Mixed": [0.000624124677688965, 0.001012044420741086, 0.0011963549356004684, 0.0012257617728531857, 0.0012707988576775105, 0.0014914989828293155, 0.0014992912441391343, 0.0015562606959498002, 0.00308467449615775], "Democratic": [0.22412057272042202, 0.30772681922857303, 0.3112423135446883, 0.3374654478976234, 0.3515167168890802, 0.3561188400314125, 0.42246557106860433, 0.4394887212955703, 0.7385326243072633], "Republican": [0.2614673756927367, 0.5605112787044297, 0.5775344289313957, 0.6438811599685875, 0.6484832831109197, 0.6625345521023766, 0.6887576864553117, 0.692273180771427, 0.775879427279578], "democraticSen": [0.21171765936728926, 0.2837075300629891, 0.2921240813083493, 0.320332363738972, 0.3295138440592026, 0.3399781054256926, 0.39940711528055794, 0.40500884746281324, 0.7224746847465552], "republicanSen": [0.27752531525344476, 0.5949911525371868, 0.600592884719442, 0.6600218945743074, 0.6704861559407974, 0.679667636261028, 0.7078759186916507, 0.7162924699370109, 0.7882823406327107]
    }}]
}