{
    "districtPlans": [{"districtPlanId": "Sc_Prop_1_2022", "data": {"White": [0.4158360731068211, 0.6110040576966999, 0.6385627520674834, 0.6408881789486929, 0.6412984611681556, 0.6821730764233735, 0.7172512732424877], "Black": [0.17812426918379712, 0.1817208330370184, 0.19432333521151415, 0.24935859213023998, 0.26051315434974964, 0.2683304089288474, 0.47818802960596496], "asian": [0.018923583569017674, 0.02161643209888362, 0.027227732927791598, 0.027960733256382625, 0.029506129616358772, 0.03430232876187767, 0.03740411349515798], "Hispanic": [0.04951292595900181, 0.05446496463367268, 0.05813972571266021, 0.06238888189889552, 0.07034161511919398, 0.08149720392285043, 0.10619881729312203], "Native": [0.0015153110695661806, 0.0017354961618045877, 0.002565631479040049, 0.0028842840028227416, 0.002989593861075515, 0.0032494351781445397, 0.003300036651878272], "Mixed": [0.003202936526605434, 0.0033383296590281234, 0.003581763775909322, 0.003827938342703736, 0.004560976910652719, 0.007000782271431775, 0.007521850977088442], "Democratic": [0.309988011127536, 0.4055420717910189, 0.40578676288319054, 0.4084732746120598, 0.4468571175701053, 0.45652581204633536, 0.6601471907449243], "Republican": [0.3398528092550756, 0.5434741879536646, 0.5531428824298946, 0.5915267253879403, 0.5942132371168094, 0.594457928208981, 0.690011988872464], "democraticSen": [0.31928772662780164, 0.4119014588413966, 0.4156272441031873, 0.4210836736737851, 0.451093807321103, 0.4569125406384906, 0.6667064645728988], "republicanSen": [0.33329353542710116, 0.5430874593615094, 0.548906192678897, 0.5789163263262149, 0.5843727558968127, 0.5880985411586034, 0.6807122733721984]}
}]}