{"white": [[0.5359497880891065, 0.5498746017662102, 0.560390441752273, 0.569632409474411, 0.5908363322407377], [0.6633923962852201, 0.6716240970938816, 0.6741907483296804, 0.6748521003305266, 0.6873095010647595], [0.6984507740432006, 0.7041100961627148, 0.7167908165160964, 0.7308162621031168, 0.7456879202685287], [0.7357612147242686, 0.737594802094249, 0.737594802094249, 0.7384930800401799, 0.744018551668642], [0.742851439309454, 0.7606073704258789, 0.7680366143460426, 0.7809640388891291, 0.7916332783407966], [0.8232988685985374, 0.8312966586256704, 0.8351551401869158, 0.8378404019866064, 0.840746250272406], [0.8509705909987786, 0.852208718963562, 0.8532261896631207, 0.854181318287838, 0.8555299036330014], [0.8538907576862459, 0.8549721447015386, 0.8560400126363659, 0.8568046735871596, 0.8590429097260258]], "af_amer": [[0.009702383316970374, 0.009739447717214935, 0.009750829786765412, 0.009760524952026842, 0.009781229705033907], [0.010564690406840176, 0.01087913967417071, 0.011152850373817599, 0.011501906706193952, 0.011619916055805155], [0.0145564652666728, 0.015881297288967422, 0.016236415518227514, 0.016738641136631975, 0.017927836434361046], [0.019764492067699063, 0.01987469322758165, 0.020242643417987753, 0.02076894175422385, 0.022023759928228043], [0.01917837930821714, 0.024576298024359247, 0.02720254606391813, 0.028582357366804853, 0.03580578898225957], [0.03534326003651884, 0.044663994817431336, 0.06563009428296329, 0.07045440847964757, 0.07060659941669747], [0.0701083104782584, 0.07025906005599432, 0.07070154244160186, 0.07096488093325294, 0.07121285166163985], [0.11572124191704895, 0.12178339584383074, 0.1232139662332037, 0.13953023837586737, 0.14330197466995936]], "asian": [[0.009454426708755452, 0.010241514861374569, 0.010474112748431297, 0.01055756695670483, 0.011316324693679788], [0.010297141150661016, 0.010415388991805403, 0.010472946778594946, 0.011592535750467403, 0.013049778763202138], [0.02227336603268128, 0.023329676603489027, 0.02406540553018062, 0.02481928032477104, 0.025511887219864082], [0.03145227738708874, 0.03201375139649248, 0.03211496341288095, 0.032212309384906254, 0.032444063144792874], [0.03150375356801288, 0.03222140060577922, 0.03222833768501111, 0.03232370179474831, 0.03262519572726874], [0.035000454084489985, 0.035673850335347604, 0.03678758483967938, 0.03763954728923226, 0.03804519917557674], [0.03898936027760455, 0.03975657674062006, 0.04140373831775701, 0.04273576097105509, 0.04390627691055128], [0.03976793187827239, 0.041587629452061285, 0.04456147187139463, 0.04577590609840286, 0.04901782590766332]], "hispanic": [[0.00046724286981705647, 0.00048090003370270597, 0.0004884264049885814, 0.0005018320756436457, 0.0005248372626904895], [0.0005331953298361992, 0.0006028657585223435, 0.0006737361496004584, 0.0007327370729719354, 0.0007814219456396857], [0.0007403927464060885, 0.0007614300381287523, 0.0007741395141554196, 0.000812569815067643, 0.0008360488719173128], [0.0008699484545959721, 0.0008811818439577574, 0.0009605235011123968, 0.0009800418061696877, 0.0010644257703081232], [0.0009904429929037447, 0.0010770863082624543, 0.0011201663292337539, 0.0011785073710311256, 0.0012117161222738831], [0.0013365643103252433, 0.0013635495737228105, 0.0013708500144127265, 0.001373716949295095, 0.0013929894301083915], [0.0018323267084714315, 0.0018732576678661202, 0.0018920686423097599, 0.0019125847124009544, 0.0019275639628293006], [0.0027059682820889377, 0.0027082146585763697, 0.0027082146585763697, 0.0027163414893841137, 0.0027248169599805956]], "native_hawaiian": [[0.08026643674022418, 0.08141188190484092, 0.08181766478985383, 0.08272172184214563, 0.08440156761103261], [0.0960403396620998, 0.09693861254671837, 0.09746609653866031, 0.09841581973193142, 0.09952596686348075], [0.09994940417755357, 0.1010705698823621, 0.10159248641691512, 0.1017239372417165, 0.10356189240705295], [0.13828678227375438, 0.13925901086155362, 0.13943828925701737, 0.13963199009457467, 0.1401295314997056], [0.16026723283571565, 0.16523146878561576, 0.17037863976199819, 0.17489838320390785, 0.1757184438879734], [0.16745381489184852, 0.17272248423647862, 0.17680162556160572, 0.19043409243694479, 0.1965194693785526], [0.21573760192662592, 0.2184467847067476, 0.23399761446725648, 0.2519723712021642, 0.2637116759070771], [0.2571902155789639, 0.26042162336238345, 0.269366874828493, 0.2757990403101172, 0.27926129516315884]], "two_or_more": [[0.0012906334091915034, 0.0013079997193771536, 0.0013543169477024009, 0.0014083806573881898, 0.001437670368667866], [0.0015761052603695616, 0.0015878946842210896, 0.001598312710627039, 0.0016097191899205254, 0.0016527724109434959], [0.0017765798938987009, 0.0018074756370764196, 0.0018434635212786856, 0.0018890516566441031, 0.0018931210144183352], [0.0018503942966988057, 0.0019208909795353896, 0.0019516217182213766, 0.0019930297783071144, 0.002041144046727688], [0.002065359477124183, 0.0022121751283156518, 0.0022266228290427417, 0.0024767523462683534, 0.0026627617891783993], [0.002496480817539139, 0.002695091181638201, 0.002777827240513542, 0.0031718263021233506, 0.003399574855032698], [0.004280245502512956, 0.004438826595957163, 0.004519968494921584, 0.004592105544549451, 0.004703430854984521], [0.004505020143348264, 0.004581964240166594, 0.004606181149688282, 0.004622759865819987, 0.004635146622585984]], "democraticPres": [[0.3808893636277533, 0.39068233791301676, 0.39745531100522224, 0.40088322487207184, 0.40988552985654586], [0.4363603945650293, 0.4434446010077142, 0.44346078932734195, 0.44454578174537285, 0.4450302647745077], [0.48721719881439235, 0.4886849585134902, 0.49048222672173686, 0.49183889783377843, 0.49336136724842], [0.5017069414154889, 0.5076842799376147, 0.5114825786084358, 0.5180780755070246, 0.5288993439475336], [0.6062769793778285, 0.607166065422468, 0.608459200780795, 0.6096103336290688, 0.6100908742204185], [0.6191648744653602, 0.6210289626081124, 0.6248014795654495, 0.6255543470598015, 0.62816759118079], [0.6797433916635878, 0.6850014227255569, 0.6979142171957452, 0.7080545771414115, 0.7189897972306769], [0.717608932811397, 0.7299293476210325, 0.7316693970867549, 0.7336630086814284, 0.73892130369458]], "republicanPres": [[0.26107869630542, 0.2663369913185716, 0.26833060291324506, 0.27007065237896755, 0.28239106718860296], [0.2810102027693231, 0.29194542285858854, 0.3020857828042548, 0.3149985772744432, 0.3202566083364122], [0.3718324088192099, 0.3744456529401985, 0.3751985204345505, 0.37897103739188764, 0.38083512553463983], [0.3899091257795815, 0.39038966637093114, 0.39154079921920504, 0.3928339345775321, 0.39372302062217146], [0.4711006560524665, 0.48192192449297544, 0.4885174213915642, 0.49231572006238544, 0.4982930585845112], [0.50663863275158, 0.5081611021662216, 0.5095177732782632, 0.5113150414865097, 0.5127828011856076], [0.5549697352254923, 0.5554542182546272, 0.556539210672658, 0.5565553989922858, 0.5636396054349707], [0.5901144701434541, 0.5991167751279282, 0.6025446889947778, 0.6093176620869832, 0.6191106363722467]], "democraticSen": [[0.3859069986224507, 0.38986377350102186, 0.39100784929190047, 0.39696849850478666, 0.40093744868108655], [0.41084300004202917, 0.41752220780995597, 0.4175294387735104, 0.4185854596583465, 0.41900971093044265], [0.4695496674299422, 0.47145912276400465, 0.4731200392766549, 0.47458028022859816, 0.4755873370430038], [0.47517483943098593, 0.4761781613588744, 0.4798202486017721, 0.4866049151939934, 0.4953276787168393], [0.5814038307685068, 0.5829817474860048, 0.5844190057413992, 0.5859239719304536, 0.5864090410906224], [0.5940365152940377, 0.5957005759546946, 0.6002944596474555, 0.6020699352342296, 0.6026001389102538], [0.6653734346426844, 0.6737722176158334, 0.6788850436065904, 0.6843748815460751, 0.6971739728699258], [0.6944986697417515, 0.7136760559555553, 0.7157157550992879, 0.7196009605170224, 0.7371194253859348]],