{"white": [[0.49795268299458306, 0.5107117369516202, 0.520213370712997, 0.5275374857338604, 0.5534198987324966], [0.6005583002940481, 0.6027886468154137, 0.6047525660196705, 0.6058510854210915, 0.6067370357694516], [0.620246630140534, 0.6436010336623813, 0.6529049614568783, 0.6681513804063083, 0.674227103303799], [0.6530018508558534, 0.6670155658974959, 0.6755799200580428, 0.6820702543854159, 0.7003469218752594], [0.7102765952386615, 0.7183153721882477, 0.7319712041104758, 0.7558800709881489, 0.75907642208827], [0.7506452509349555, 0.7576064299515803, 0.7629599503722697, 0.7723563946693489, 0.7785310068380099], [0.7734458485745438, 0.777165342985864, 0.7804830391346669, 0.7893476164711837, 0.798669411434453]], "af_amer": [[0.1471189295405633, 0.16028474820982141, 0.16818808953963113, 0.17064773524551177, 0.17509228977639865], [0.16781170319028532, 0.17153206539420035, 0.1765995365558866, 0.1790105607745225, 0.1831460570755455], [0.19336384017463384, 0.20295925593025493, 0.21526135145183278, 0.22495233349413601, 0.2337292882872829], [0.27118197992076387, 0.27241475642991536, 0.27631471770653643, 0.2825449960551899, 0.28691058959038224], [0.27997496984591946, 0.28563690444734674, 0.3007761918640041, 0.3029010777837963, 0.33292444130241156], [0.3494479665212565, 0.3497539499544381, 0.3509139861446102, 0.3518005070472173, 0.35574418002670455], [0.39286886485250566, 0.41730719504290875, 0.42394304053251464, 0.4376155800949296, 0.44822075096069264]], "asian": [[0.009895956512913721, 0.0099615342001406, 0.00996865442179088, 0.010034070786237376, 0.010113487504349839], [0.010023788707480228, 0.010141873231743878, 0.01026637016831572, 0.010457533501778292, 0.010741443866217965], [0.011874593383180946, 0.012100772516197364, 0.012508597368059059, 0.012520332989931778, 0.012765392250155109], [0.0131631123005107, 0.013403843669033147, 0.013629643492093198, 0.013681749211702735, 0.01382518829661313], [0.014410457440669473, 0.015038698932973505, 0.01512438893545125, 0.015272396873879351, 0.015444470643716105], [0.015409798946944487, 0.015784158545167046, 0.01657327218249203, 0.017359822882098152, 0.018254998841551136], [0.016481607807210006, 0.016776394462606523, 0.017092138987234072, 0.01725201606373192, 0.017625101892526897]], "hispanic": [[0.00017533377251889945, 0.00017897990982914405, 0.00018426542804616202, 0.00018919514296321762, 0.00020454080589077522], [0.00018463367755205284, 0.00019921274076150914, 0.00020572092917915463, 0.00022741383542457803, 0.00022956213755144652], [0.00021670800508444328, 0.00023053091209004965, 0.00023448587222619837, 0.00024200379729170842, 0.0002774287829711739], [0.0002923557054202389, 0.0003088819959351951, 0.0003173310865386262, 0.00032958433566819816, 0.00034571000917386896], [0.00039350312767141133, 0.000440561057502445, 0.0004456875601815764, 0.00047817737980231036, 0.0005244653367261708], [0.0007579697476016066, 0.000771116750954958, 0.0007837962704960028, 0.0007925742881652838, 0.0008194749209921255], [0.000896416206606157, 0.0009467652674125019, 0.00096370439906369, 0.0009744704200650694, 0.0010133389969923811]], "native_hawaiian": [[0.020865451900157494, 0.02149530152339465, 0.021536277391164205, 0.02171796799728095, 0.021984761025167398], [0.021836655263535242, 0.022009098181548985, 0.024670436677196685, 0.02553620010568516, 0.027754373517216914], [0.024065515018411074, 0.024909927387435943, 0.02570909598993992, 0.025972383223191467, 0.026141674964083414], [0.028999162865140156, 0.029494037048228432, 0.030605177390491123, 0.031228261415222208, 0.03193210540129505], [0.030963507681310887, 0.0315715662613609, 0.0318057797088513, 0.032362114624988655, 0.032747781768391084], [0.031857077096346324, 0.03240675354689607, 0.033144573034469986, 0.03476408231136978, 0.03554947306026029], [0.03328938754893755, 0.03376157507460576, 0.03424796635130476, 0.034973943536792965, 0.03570897321244554]], "two_or_more": [[0.0009568229046409605, 0.0009692527666508874, 0.0009724191506815083, 0.0009819964594046976, 0.000994769262722935], [0.0011575433525519575, 0.0011962944837893945, 0.0012256434012105216, 0.0012588212825563492, 0.0012744832629584184], [0.0011790353729752077, 0.0012846472969403834, 0.0014230603724869962, 0.0014782301141774057, 0.0016026471371219173], [0.0018301696005057662, 0.0018571595043494604, 0.0018694030729749628, 0.0018867645255035838, 0.001918691402066643], [0.0018285220646461738, 0.0018825230814684883, 0.0019334553475057487, 0.0019580034362055906, 0.0019761476787556833], [0.001986362890241001, 0.002144509049853188, 0.0022370172821812914, 0.0023830751383642247, 0.0025244292575772103], [0.0024984998473528888, 0.0025412960609911056, 0.0026570061389116022, 0.0027579547100574572, 0.0029686559562942727]], "democraticPres": [[0.29781964430960095, 0.3074878535331331, 0.3244494745045451, 0.33768077492008786, 0.3430783879911502], [0.3469414851396558, 0.35320651124740376, 0.36703954676092887, 0.3892654258491066, 0.39485529236848], [0.415493481079028, 0.41847811037576493, 0.4344670924403393, 0.43803874981348206, 0.4457089518749215], [0.4307786324809747, 0.44058000165552946, 0.4443489419647464, 0.4510663497864601, 0.4586429753812559], [0.4650766417908345, 0.4650962959568301, 0.4675692604444305, 0.46831249697352945, 0.4714020909830778], [0.47327616447886234, 0.4789553261940706, 0.47923591056971193, 0.4797127757742716, 0.48000345023706903], [0.5354578181926372, 0.5497970236999966, 0.5551682102430143, 0.5701844666636317, 0.5780183258089444]], "republicanPres": [[0.4219816741910556, 0.42981553333636835, 0.4448317897569857, 0.4502029763000034, 0.46454218180736284], [0.519996549762931, 0.5202872242257284, 0.5207640894302881, 0.5210446738059293, 0.5267238355211377], [0.5285979090169222, 0.5316875030264706, 0.5324307395555695, 0.5349037040431699, 0.5349233582091655], [0.541357024618744, 0.5489336502135399, 0.5556510580352536, 0.5594199983444705, 0.5692213675190253], [0.5542910481250786, 0.5619612501865179, 0.5655329075596607, 0.581521889624235, 0.584506518920972], [0.60514470763152, 0.6107345741508934, 0.6329604532390711, 0.6467934887525962, 0.6530585148603443], [0.6569216120088498, 0.6623192250799121, 0.6755505254954548, 0.6925121464668669, 0.702180355690399]], "democraticSen": [[0.3113968862573447, 0.3243509150747906, 0.34076340085434753, 0.3458767642838223, 0.3534791598284196], [0.35420755466281434, 0.3631692753625261, 0.37369895570642275, 0.3982154087724556, 0.4057113245393647], [0.4198994425065492, 0.42585958963926707, 0.4365355312579247, 0.4430470131613374, 0.44678501308900526], [0.44555604364352874, 0.448616174691466, 0.45088787109920075, 0.4516348754307247, 0.4627953272489669], [0.47627360219359566, 0.47683341646869176, 0.4774001743079287, 0.4777557021627026, 0.47914686969027365], [0.4797696002207423, 0.4831265016296655, 0.48355537147916633, 0.4859966238892509, 0.4874401334553086], [0.5426157445510944, 0.5551273013443507, 0.5616676719605125, 0.5770574140450029, 0.5849425944024105]], "republicanSen": [[0.4150574055975895, 0.4229425859549971, 0.4383323280394875, 0.44487269865564916, 0.45738425544890565], [0.5125598665446914, 0.5140033761107491, 0.5164446285208337, 0.5168734983703345, 0.5202303997792577], [0.5208531303097264, 0.5222442978372974, 0.5225998256920713, 0.5231665835313082, 0.5237263978064043], [0.5372046727510331, 0.5483651245692752, 0.5491121289007992, 0.551383825308534, 0.5544439563564713], [0.5532149869109948, 0.5569529868386626, 0.5634644687420753, 0.574140410360733, 0.5801005574934508], [0.5942886754606354, 0.6017845912275445, 0.6263010442935772, 0.6368307246374739, 0.6457924453371857], [0.6465208401715804, 0.6541232357161777, 0.6592365991456525, 0.6756490849252094, 0.6886031137426554]]}