{"white": [[0.3438396184390134, 0.3438396184390134, 0.3438396184390134, 0.3438396184390134, 0.3781995860748595], [0.6991187353540808, 0.7016477230516531, 0.7062965229067438, 0.7066487699374513, 0.7066900249090962], [0.7464299781081403, 0.7498915495639623, 0.7501378565125196, 0.7505458698680356, 0.7506787570261958], [0.7776062527814864, 0.7840061050948675, 0.7874623096672606, 0.7898798861667742, 0.7931433829639465], [0.8232544623594368, 0.8264462739065064, 0.833835164988194, 0.8406457550527882, 0.8446940429952517], [0.8455989477765051, 0.8534672091388797, 0.8572272398887149, 0.8616014921476108, 0.8715760509588845], [0.8898463641315564, 0.8940575920268479, 0.8949508081811108, 0.8981854728229904, 0.9009826780673114], [0.9171787956297535, 0.9205114318752223, 0.9299819876624724, 0.9369448697658742, 0.9383363115757481], [0.9379870094974689, 0.9429883236255278, 0.9429883236255278, 0.9429883236255278, 0.9472273176238183]], "af_amer": [[0.02390542140806933, 0.02529759790050065, 0.026312804400471738, 0.026312804400471738, 0.03183497117799425], [0.02631725893049015, 0.02748357281929873, 0.02964770088458793, 0.030950094227475418, 0.03958530347975199], [0.06217164406654914, 0.06318464078902537, 0.06324579240782702, 0.06365716296531979, 0.06406610409891259], [0.07850201856982073, 0.08119632873340397, 0.08317336721911302, 0.08732339507018731, 0.0897028279709547], [0.10989596027165449, 0.11243466223779144, 0.11959210291222575, 0.12661954148479904, 0.12787664779281618], [0.14275667704063694, 0.1457625380992098, 0.14799483374494046, 0.15122360247082445, 0.1566793919670672], [0.2069288895473997, 0.21187824795842614, 0.21200506753742662, 0.21401081409919678, 0.21823911300712914], [0.21187824795842614, 0.21515735326759106, 0.21823911300712914, 0.2204896786884031, 0.2221178042457157], [0.5784095791048022, 0.6108643265165922, 0.6108643265165922, 0.6108643265165922, 0.6108643265165922]], "asian": [[0.005346126532518652, 0.005582037728574028, 0.0056230250542406756, 0.0056230250542406756, 0.005651549294765465], [0.00623639008610953, 0.006418769547372817, 0.006603330883720107, 0.0069816571834291664, 0.007389650562345268], [0.009453203979923027, 0.010663576685059194, 0.010878303216128038, 0.011827966832396218, 0.01234402655841354], [0.011867866564489987, 0.012155851131572476, 0.012312794565983321, 0.012601061993730626, 0.012854826742875986], [0.01232755145935583, 0.012671898752076926, 0.012671898752076926, 0.012773491784412162, 0.01306566606781627], [0.013280543914034772, 0.013945367078915213, 0.013945367078915213, 0.013945367078915213, 0.015370885960544494], [0.014227016199488058, 0.014504068103183864, 0.014707245859596272, 0.014845781195232622, 0.01524508048821125], [0.01611845479725076, 0.017077604255078368, 0.017586424715745952, 0.019313018503863494, 0.02054415515361253], [0.025373952131335198, 0.025501402926103017, 0.02695714478562009, 0.027269810407147467, 0.02818722163003334]], "hispanic": [[0.00020457677730561618, 0.00020886036064422618, 0.00020886036064422618, 0.00020886036064422618, 0.00020886036064422618], [0.0002536289479935628, 0.0002576180704764324, 0.0002576180704764324, 0.0002576180704764324, 0.0002576180704764324], [0.0002576180704764324, 0.0002576180704764324, 0.0002651974210864617, 0.0002742777123003532, 0.00028240558543588846], [0.0002689680355536556, 0.0002715497186779507, 0.00028563777559582253, 0.0003054194189928262, 0.0003218231458035676], [0.00032686047968892367, 0.00033944553360460507, 0.0003411461095202743, 0.00034380387760475493, 0.00035356727395967867], [0.000331668914239895, 0.0003399948463939073, 0.00035549173129752724, 0.00036539691239609025, 0.0003854183394893207], [0.0003810088267044853, 0.00039239360096589195, 0.00041507787986661226, 0.0004237303097821673, 0.0004358160960253919], [0.0004980362130815149, 0.0005639997871698916, 0.0005969991080338771, 0.0006483879673212465, 0.0006889867432524815], [0.0011341509742136646, 0.0011672369675290704, 0.0011790377020085311, 0.0011880390006673337, 0.001216348901622287]], "native_hawaiian": [[0.014528294809715774, 0.015229863931838863, 0.0156168762462608, 0.016255097723242018, 0.016255097723242018], [0.016255097723242018, 0.016430787715889576, 0.017129776929331497, 0.01725151823253002, 0.0178893213438912], [0.01708668713131799, 0.017387288699873275, 0.01795649387854913, 0.018598045817275317, 0.01905814230914361], [0.021367490850665, 0.021876224077120636, 0.022094163470719567, 0.02226633618233781, 0.022504250385707976], [0.02234272265861679, 0.022890218565994064, 0.023980018794297057, 0.024865074098754835, 0.024958539591782698], [0.023634683566823942, 0.024958539591782698, 0.024958539591782698, 0.025062529294999206, 0.0252135267765695], [0.026083906439161107, 0.026516967837793493, 0.028282164510720884, 0.029383590369185225, 0.03129880587174605], [0.03615761163046756, 0.036291079675750834, 0.036572233932054, 0.036729376806336374, 0.03696267762400877], [0.037735421672471806, 0.039138461753229985, 0.0396093996048902, 0.04092616402914848, 0.04170777042813678]], "two_or_more": [[0.0006354927934075436, 0.0006877191352871902, 0.0006877987738456414, 0.0006877987738456414, 0.0007129371218119351], [0.0007437348982899286, 0.0007831590533448018, 0.0008321578798581964, 0.0008600661631581362, 0.0008760696969964586], [0.0010212172262086053, 0.0010657293061206007, 0.001076023057404785, 0.0011121659754035579, 0.001148780375209071], [0.0010882403451526867, 0.001095172995091703, 0.0010980651214108643, 0.0011222269876152427, 0.001138227237671421], [0.0011765767575860255, 0.0012320147064022343, 0.0012436878825187803, 0.0012855243241713938, 0.0013116807587348455], [0.001204616563209256, 0.0012779264786726867, 0.0013240070397544372, 0.0013822916757454003, 0.0014181236915068183], [0.0014250335015639963, 0.0014813039052394865, 0.0014813039052394865, 0.0014813039052394865, 0.001508249252280736], [0.0017676785302965792, 0.0017787098806081255, 0.0017878149972123483, 0.0017976818760223356, 0.0018614425379622271], [0.002880989180834621, 0.0029482357977803405, 0.00304337188162366, 0.003131593001380336, 0.003189252165247593]], "democraticPres": [[0.20915593262323506, 0.22319338734757346, 0.22319338734757346, 0.22319338734757346, 0.23016965288999278], [0.23390406068011235, 0.24362203514229602, 0.24613703097107476, 0.2513483407210794, 0.2551781452437777], [0.3184618114527618, 0.32142010499707974, 0.3272244869271858, 0.3272244869271858, 0.32805892261841657], [0.3277510476027124, 0.33004068950210846, 0.3349703651345885, 0.34197782734925847, 0.34791468808509485], [0.33182844243792325, 0.3402390438247012, 0.3432098614494472, 0.34908307633102253, 0.35487578329041264], [0.35272853060423137, 0.35534249200347623, 0.3561688358609026, 0.3591653289277822, 0.36621038663822975], [0.3600252915981433, 0.3613267358068143, 0.3696889473158113, 0.3744726962065523, 0.3987994604051674], [0.52044843707652, 0.5271780961455373, 0.5274136305631827, 0.5317500531366701, 0.5595750216825672], [0.6794079584798531, 0.7180181917083818, 0.7180181917083818, 0.7180181917083818, 0.7189226975686269]], "republicanPres": [[0.2810773024313731, 0.2819818082916182, 0.2819818082916182, 0.2819818082916182, 0.3205920415201469], [0.44042497831743277, 0.4682499468633299, 0.4725863694368173, 0.47282190385446266, 0.47955156292348], [0.6012005395948327, 0.6255273037934477, 0.6303110526841886, 0.6386732641931857, 0.6399747084018568], [0.6337896133617702, 0.6408346710722178, 0.6438311641390975, 0.6446575079965238, 0.6472714693957686], [0.6451242167095874, 0.6509169236689775, 0.6567901385505528, 0.6597609561752988, 0.6681715575620768], [0.6520853119149052, 0.6580221726507415, 0.6650296348654116, 0.6699593104978916, 0.6722489523972877], [0.6719410773815835, 0.6727755130728141, 0.6727755130728141, 0.6785798950029203, 0.6815381885472382], [0.7448218547562223, 0.7486516592789206, 0.7538629690289254, 0.7563779648577039, 0.7660959393198876], [0.7698303471100072, 0.7768066126524266, 0.7768066126524266, 0.7768066126524266, 0.7908440673767649]],