{"districtPlanID": "CoSW0", "Plan_Measures": {"polsby_popper": 0, "efficiency_gap": 0, "num_majority_minority_districts": 0, "vote_split_democrats_pres": 0, "vote_split_republicans_pres": 0, "vote_split_republicans_sen": 0}, "Percents": {"white": [0.38631953942555425, 0.463063007439879, 0.5051014844930448, 0.521962703673874, 0.5322891337985916, 0.5601331280424268, 0.5626877596676254, 0.5672555912014368, 0.5693930824450729, 0.6304575727676369, 0.6371646418628195, 0.6478187373024612, 0.6479949874686717, 0.6487037945051642, 0.6492989165073295, 0.6494243023853669, 0.6606626674540764, 0.6737673337472736, 0.6757121320320558, 0.6941992236413724, 0.6953022882250114, 0.6987370731631912, 0.7151617810818864, 0.7193208170526383, 0.7375605528299258, 0.7395843174303259, 0.7461489799145975, 0.7594747836466726, 0.7632366067933037, 0.770959139257579, 0.7744133708943831, 0.776532102312874, 0.7817953371492391, 0.7977061714909885, 0.8103060480555944, 0.8106857779102044, 0.8208458735941707, 0.8216144796956335, 0.8248131820029391, 0.8266429840142095, 0.8315230769230769, 0.8376792698826597, 0.8392259767363349, 0.8407542166445685, 0.8421575272291664, 0.84568026309637, 0.8483691502127195, 0.8526824703680599, 0.8529222258890827, 0.8549071533405653, 0.8556111508220158, 0.8562463014295948, 0.8586492279290978, 0.8607077824400285, 0.8613910740711893, 0.8623768374732949, 0.8652757078986587, 0.8676857949200376, 0.8711767997016039, 0.8727105513382071, 0.8764036046309054, 0.8877832968647682, 0.8949618710315561, 0.8967630663094028, 0.9050102439932949], "af_amer": [0.005682343158089255, 0.007665952220779424, 0.008083014746040415, 0.008590388222498937, 0.008742541718515682, 0.008912017200816415, 0.00902737332556785, 0.009095424349661638, 0.009253057091673806, 0.009320594148911298, 0.009432203126456786, 0.00997615076457843, 0.010124039412008545, 0.010317675807765408, 0.010476923076923076, 0.011079397231685235, 0.011259226959852991, 0.011367199749137661, 0.011577263584675567, 0.011578391147581748, 0.011765071087104985, 0.012796960133151193, 0.01478507321681625, 0.014925140361821585, 0.015378725033501371, 0.016986395299911174, 0.017214912280701756, 0.017838584081778273, 0.018086329593834487, 0.01847263254868325, 0.01850592347721557, 0.018932928261584478, 0.019117511023403533, 0.01955090057922717, 0.019969206364018104, 0.02085345578339007, 0.02344695362469159, 0.025052945329045416, 0.025407478427612654, 0.027328841351364087, 0.027650998290437427, 0.030776551491242882, 0.032532908107432076, 0.03351628021706956, 0.035475514604371226, 0.03637897820445463, 0.036589698046181174, 0.041071400567691756, 0.04189767147156661, 0.05243636479409096, 0.0566628701594533, 0.06277836357627359, 0.06617112130317887, 0.07852908857350688, 0.08760643626346105, 0.10097195666029318, 0.10121841295496224, 0.10423786201357502, 0.11695599078697191, 0.11713943019144196, 0.14878264439321692, 0.16293171631953599, 0.1980979038773498, 0.23379902112632428, 0.23506621801006392], "asian": [0.0043997585692048665, 0.006210501677459624, 0.00683718183795879, 0.007014105973654334, 0.0074333119011400885, 0.007975663193732958, 0.008074447025080667, 0.008148631029986962, 0.008485139022051775, 0.009753361482012371, 0.011472481443838738, 0.011635027556644213, 0.012384142067139186, 0.0134, 0.013855717064992171, 0.015972372113101662, 0.016352381864011997, 0.018288426636883987, 0.019309705962211113, 0.019637954302201128, 0.019835300321024797, 0.020614290531220304, 0.021776658589506025, 0.023740379274775847, 0.02495881639884375, 0.02500039210150724, 0.02701101949843358, 0.027161716682401374, 0.027491733585262162, 0.027709575587513153, 0.02849042790161534, 0.028876613763351853, 0.029174633524537922, 0.029640737668304513, 0.029828346308976645, 0.02997804954531201, 0.030439899487897198, 0.030480822025256885, 0.03094166255550074, 0.03128688563289844, 0.03154231020230585, 0.031726585936641065, 0.03210866592067636, 0.03211212351303468, 0.03405873058089144, 0.03410180252384769, 0.03514000124169616, 0.03811538825907096, 0.038846698826638645, 0.039142247532503414, 0.039380041119721654, 0.040006852088329645, 0.041648596741218014, 0.04205526086612303, 0.042737010097289994, 0.04297481387612862, 0.0440188431539115, 0.04854368932038835, 0.051965065502183404, 0.053367794486215536, 0.05708023338375575, 0.05839462038772264, 0.05911177752701303, 0.06487933977480934, 0.09117518156774355], "hispanic": [0.0, 0.0, 0.0, 0.0, 4.671878406578005e-05, 0.00010951360315399176, 0.00014113883356595104, 0.0001565999029080602, 0.0002204377263423083, 0.0002463888632233823, 0.00024883746247997637, 0.00030346105316957084, 0.00031175471139307593, 0.0003126661038676797, 0.00035739814152966406, 0.000434593654932638, 0.00047607712449416806, 0.0004783010745830809, 0.0005039449440148664, 0.0005296362645065815, 0.0005412375236791417, 0.0006035769878331586, 0.000632091761223483, 0.0006368311283055515, 0.0006397752984317703, 0.0006431877009961566, 0.000651890482398957, 0.0006753956436980982, 0.0006838244436155664, 0.0007322811336335167, 0.0007600788000062047, 0.0007754222173973729, 0.0008054023914255622, 0.0008192793433398773, 0.0008415278405460581, 0.000851221890331667, 0.0008699365737152619, 0.0008826820925870466, 0.00090400411477735, 0.0009571820560270564, 0.0009819293327631808, 0.0009900523313375136, 0.0010124019235636548, 0.0010181704260651629, 0.0010978842202669426, 0.0011100490271653664, 0.0011563440519562808, 0.0011696818465377417, 0.0013350296062447974, 0.0015500159795461808, 0.00161728453216512, 0.001655273886521779, 0.001753067868770348, 0.0017783793141436237, 0.0017971309520022902, 0.002010250744253138, 0.0020425936188741985, 0.002481889959203934, 0.0027029114217314077, 0.003194686066740471, 0.00407097796699711, 0.0051625239005736135, 0.005695674991510511, 0.006014359866969198, 0.007057820443995326], "native_hawaiian": [0.060065090456590406, 0.06019122120817036, 0.06618636687514845, 0.0665938864628821, 0.06761314612910817, 0.07279622031580256, 0.07287856766382904, 0.07442846234162914, 0.07583597188972122, 0.07616287356867962, 0.0767039329822292, 0.07848755723051049, 0.07850467289719626, 0.0792984772052237, 0.08137347130761995, 0.08387589741957051, 0.08541254546614765, 0.08937852747042505, 0.09118251849123776, 0.0914595034340337, 0.09462839633555327, 0.09765716334388104, 0.09992990108263883, 0.10293177886188999, 0.10410070155832868, 0.10784114847468207, 0.1090723593699278, 0.11078905985014338, 0.11281350032632004, 0.11410593538692712, 0.11641302466124234, 0.11864193055183393, 0.11909969441729877, 0.12413944516756316, 0.12854657599240868, 0.1291358919038095, 0.1369076923076923, 0.13718601519817994, 0.14089293264638175, 0.15421597059598952, 0.16511960294648886, 0.16760513130749066, 0.17884621279465407, 0.17896970447927638, 0.18762070752272833, 0.18862089329562054, 0.1932759719566603, 0.20251928830105495, 0.2187612729183331, 0.2216836970950514, 0.23220242066139332, 0.23615290315390616, 0.24797107398869486, 0.26110478359908884, 0.26358082706766917, 0.2668888359914306, 0.287910088801184, 0.29894184078579, 0.3062804792546313, 0.3300933065408041, 0.3475217584846578, 0.3635290096025358, 0.3637202201087821, 0.3868648130393097, 0.3947961865658875],