{"districtPlanID": "CoSW1", "Plan_Measures": {"polsby_popper": 0, "efficiency_gap": 0, "num_majority_minority_districts": 0, "vote_split_democrats_pres": 0, "vote_split_republicans_pres": 0, "vote_split_republicans_sen": 0}, "Percents": {"white": [0.38631953942555425, 0.463063007439879, 0.5051014844930448, 0.5107140020649671, 0.5259267278041538, 0.5322891337985916, 0.5672555912014368, 0.5693930824450729, 0.6113040485576622, 0.6304575727676369, 0.6371646418628195, 0.6392996047679783, 0.6478187373024612, 0.6487037945051642, 0.6492989165073295, 0.6494243023853669, 0.6606626674540764, 0.6737673337472736, 0.6757121320320558, 0.6941992236413724, 0.6953022882250114, 0.6987370731631912, 0.7151617810818864, 0.7193208170526383, 0.7375605528299258, 0.7461489799145975, 0.7594747836466726, 0.7600990067591152, 0.771241626421561, 0.7744133708943831, 0.776532102312874, 0.7817953371492391, 0.7891402001733785, 0.8072045786107058, 0.8103060480555944, 0.8106857779102044, 0.8172486554235218, 0.8216144796956335, 0.8248131820029391, 0.8266429840142095, 0.8302945736434109, 0.8318982057067428, 0.8376792698826597, 0.8392215037812213, 0.8392259767363349, 0.8407542166445685, 0.8483691502127195, 0.8526824703680599, 0.8529222258890827, 0.8557174093806782, 0.8562463014295948, 0.8566472384124341, 0.8586492279290978, 0.8607077824400285, 0.8607811680498565, 0.8613910740711893, 0.8623768374732949, 0.8652757078986587, 0.8661542119026864, 0.8676857949200376, 0.8711767997016039, 0.8727105513382071, 0.8949618710315561, 0.8967630663094028, 0.9050102439932949], "af_amer": [0.0055434079640294415, 0.005682343158089255, 0.007665952220779424, 0.008320374497010116, 0.00834983346379948, 0.008742541718515682, 0.008912017200816415, 0.009095424349661638, 0.009253057091673806, 0.009359484380300367, 0.00979545244192145, 0.00997615076457843, 0.010124039412008545, 0.010558139534883722, 0.011079397231685235, 0.011259226959852991, 0.011367199749137661, 0.011578391147581748, 0.011765071087104985, 0.012280646082569098, 0.012796960133151193, 0.012853633409937396, 0.014925140361821585, 0.014947514391215312, 0.015131216013870281, 0.01638884561458171, 0.016986395299911174, 0.017838584081778273, 0.018086329593834487, 0.01847263254868325, 0.01850592347721557, 0.019117511023403533, 0.019225955822539265, 0.01955090057922717, 0.019777347379029083, 0.02085345578339007, 0.02344695362469159, 0.025052945329045416, 0.026129775236279882, 0.027328841351364087, 0.027650998290437427, 0.030776551491242882, 0.032532908107432076, 0.03351628021706956, 0.035475514604371226, 0.03637897820445463, 0.036589698046181174, 0.041071400567691756, 0.046405736859640494, 0.05243636479409096, 0.0566628701594533, 0.06277836357627359, 0.06617112130317887, 0.07852908857350688, 0.08760643626346105, 0.10097195666029318, 0.10121841295496224, 0.10423786201357502, 0.11695599078697191, 0.11713943019144196, 0.14878264439321692, 0.16293171631953599, 0.1980979038773498, 0.22911092897019933, 0.23506621801006392], "asian": [0.0043997585692048665, 0.006204209885053786, 0.006784469732013446, 0.007290922087205147, 0.0074333119011400885, 0.00793541158232414, 0.008074447025080667, 0.008148631029986962, 0.008181590638883674, 0.009753361482012371, 0.011472481443838738, 0.011635027556644213, 0.012384142067139186, 0.01284222845000154, 0.013503875968992248, 0.013855717064992171, 0.015972372113101662, 0.016197796972818767, 0.016352381864011997, 0.018288426636883987, 0.019637954302201128, 0.019835300321024797, 0.023740379274775847, 0.02495881639884375, 0.02500039210150724, 0.026202492864859636, 0.027161716682401374, 0.027709575587513153, 0.02849042790161534, 0.028876613763351853, 0.029174633524537922, 0.02972653479391599, 0.029828346308976645, 0.02997804954531201, 0.030327337796563106, 0.030439899487897198, 0.030480822025256885, 0.03066988227080887, 0.03094166255550074, 0.03128688563289844, 0.03154231020230585, 0.031726585936641065, 0.03210866592067636, 0.03211212351303468, 0.03405873058089144, 0.03410180252384769, 0.03514000124169616, 0.03811538825907096, 0.038846698826638645, 0.039142247532503414, 0.039380041119721654, 0.040006852088329645, 0.04069426155383859, 0.04205526086612303, 0.042737010097289994, 0.0438736217001995, 0.0440188431539115, 0.04854368932038835, 0.051965065502183404, 0.05616703670461524, 0.05708023338375575, 0.05839462038772264, 0.05911177752701303, 0.06205016357688113, 0.09117518156774355], "hispanic": [0.0, 0.0, 0.0, 0.0, 4.671878406578005e-05, 0.00010951360315399176, 0.00014113883356595104, 0.00015578750584203146, 0.00022213054929711549, 0.0002463888632233823, 0.0003011332118234408, 0.00031175471139307593, 0.0003126661038676797, 0.0003366625519021434, 0.0003546427359916119, 0.000434593654932638, 0.00045366372567423813, 0.00047607712449416806, 0.0004783010745830809, 0.0005039449440148664, 0.0005081457300360322, 0.0005296362645065815, 0.0005412375236791417, 0.0006035769878331586, 0.000632091761223483, 0.0006368311283055515, 0.0006431877009961566, 0.000651890482398957, 0.0006753956436980982, 0.0006838244436155664, 0.0007322811336335167, 0.0007600788000062047, 0.0007754222173973729, 0.0008041693085690426, 0.0008192793433398773, 0.0008329991052972573, 0.0008415278405460581, 0.000851221890331667, 0.0008699365737152619, 0.0009900523313375136, 0.0010124019235636548, 0.001023509219456123, 0.0010319751036006256, 0.0010978842202669426, 0.0011100490271653664, 0.0011581602703431644, 0.0011665208515602217, 0.0011696818465377417, 0.0013342863950440791, 0.0013350296062447974, 0.00161728453216512, 0.001753067868770348, 0.0017783793141436237, 0.0017971309520022902, 0.002010250744253138, 0.0020425936188741985, 0.0021593506186460714, 0.002481889959203934, 0.0027029114217314077, 0.003194686066740471, 0.00407097796699711, 0.0051625239005736135, 0.005695674991510511, 0.006014359866969198, 0.007057820443995326], "native_hawaiian": [0.060065090456590406, 0.06019122120817036, 0.06618636687514845, 0.0665938864628821, 0.06761314612910817, 0.07279622031580256, 0.07442846234162914, 0.07583597188972122, 0.0767039329822292, 0.07848755723051049, 0.0792984772052237, 0.08050007139344133, 0.08137347130761995, 0.08387589741957051, 0.08689414740998982, 0.08937852747042505, 0.09113241936762026, 0.09118251849123776, 0.0914595034340337, 0.09462839633555327, 0.09765716334388104, 0.09992990108263883, 0.10136749122272633, 0.10198816453553058, 0.10410070155832868, 0.1090723593699278, 0.11078905985014338, 0.11162267869791506, 0.11194375057822185, 0.11410593538692712, 0.11641302466124234, 0.11909969441729877, 0.12413944516756316, 0.12455679882119998, 0.12854657599240868, 0.1291358919038095, 0.13718601519817994, 0.13796541517370306, 0.13796899224806203, 0.14546457561667586, 0.15421597059598952, 0.16511960294648886, 0.16760513130749066, 0.17687085350200268, 0.18524101164598736, 0.18762070752272833, 0.18862089329562054, 0.1932759719566603, 0.2187612729183331, 0.2216836970950514, 0.23220242066139332, 0.23615290315390616, 0.24797107398869486, 0.26110478359908884, 0.2668888359914306, 0.2671831451650999, 0.287910088801184, 0.29894184078579, 0.3062804792546313, 0.3300933065408041, 0.3473030473687504, 0.3475217584846578, 0.3635290096025358, 0.3637202201087821, 0.4351362084028274],