{"Box_Whisker_Percents": {"white": [0.5947622787174107, 0.6749564746689292, 0.6992567311338642, 0.7443754968471911, 0.788573059204547, 0.8269169037645224, 0.827874102623911, 0.8496777849274416], "af_amer": [0.011390666153591559, 0.01221824188699903, 0.01617565716050372, 0.01879598028062192, 0.023273465065736618, 0.046859553786175935, 0.06777381586360724, 0.15056006813804204], "asian": [0.009139648809393263, 0.01249146757679181, 0.02531697525374634, 0.030293018833495, 0.03246968749758812, 0.032927547178194176, 0.0365171289213588, 0.05390289547608722], "hispanic": [0.0004486084166914232, 0.0008336294574685708, 0.000901036485136807, 0.0009107973920094189, 0.0011094880422910737, 0.0014069017823284036, 0.0017132185457372701, 0.0025430858166045366], "native_hawaiian": [0.09394081999174053, 0.10268129866379358, 0.12786934927853796, 0.13486072842621963, 0.15648130593609091, 0.18307019702990027, 0.2258288048433568, 0.25218809252938945], "two_or_more": [0.0013278809134066127, 0.001874390432204334, 0.0019586651497914298, 0.001984191773191322, 0.002167771841550873, 0.0025203422137165736, 0.004462941952812058, 0.0048466308004266444], "democraticPres": [0.4120953148842181, 0.4442366616144544, 0.46975640290021387, 0.546029131890682, 0.6067866480717625, 0.6608650554364242, 0.677865965609127, 0.7257828076290918], "republicanPres": [0.27421719237090825, 0.3221340343908729, 0.3391349445635759, 0.3932133519282374, 0.45397086810931797, 0.5302435970997862, 0.5557633383855456, 0.5879046851157819], "democraticSen": [0.39959806436258827, 0.4180549486563251, 0.4571132267667582, 0.5146235857267188, 0.5832050795825738, 0.6394756008739986, 0.6530046744735194, 0.7070111839971543], "republicanSen": [0.2929888160028457, 0.34699532552648066, 0.3605243991260015, 0.4167949204174262, 0.4853764142732811, 0.5428867732332419, 0.5819450513436749, 0.6004019356374117]}, "Seat_Vote_Input": {"democraticPres": [162962, 156909, 246697, 249324, 245933, 277752, 284661, 180114], "republicanPres": [203874, 223850, 159866, 207289, 126205, 104941, 135276, 203306], "democraticSen": [153075, 151116, 238353, 236521, 237060, 270313, 271010, 173666], "republicanSen": [213085, 227054, 170342, 223079, 133650, 112019, 144010, 206253]}, "Majority_Minority_Districts": [], "districtPlanId": "TnSW1", "stateId": "41", "proposedBy": "MGGG-generated", "total_pop": 4152516, "white": 3118422, "af_amer": 179444, "asian": 121128, "hispanic": 5127, "native_hawaiian": 662828, "two_or_more": 10969, "democraticPres": 1804352, "democraticSen": 1731114, "republicanPres": 1364607, "republicanSen": 1429492, "polsby_popper": 0.11800646238256471, "efficiency_gap": 0.004329339697989151, "num_majority_minority_districts": 0, "vote_split_democrats_pres": 0.5693831949230015, "vote_split_republicans_pres": 0.43061680507699845, "vote_split_democrats_sen": 0.5477158494288753, "vote_split_republicans_sen": 0.45228415057112464}