{"Box_Whisker_Percents": {"white": [0.3438396184390134, 0.6856397798014824, 0.750147208393555, 0.7874623096672606, 0.8446940429952517, 0.8762516434863512, 0.9009826780673114, 0.9171787956297535, 0.9379870094974689], "af_amer": [0.03183497117799425, 0.04630669191761432, 0.05406585480971329, 0.07122823071571811, 0.10989596027165449, 0.14769288366143574, 0.21200506753742662, 0.2340191879208613, 0.6108643265165922], "asian": [0.005651549294765465, 0.007389650562345268, 0.010611395452950501, 0.012647431436575486, 0.012731152079109208, 0.013945367078915213, 0.014520068783136754, 0.017456248820006567, 0.02728646640701415], "hispanic": [0.00017519181803183048, 0.0002077907189200615, 0.0002576180704764324, 0.00027137792573924557, 0.0003517771818581967, 0.0003854183394893207, 0.0004237303097821673, 0.0006889867432524815, 0.0011341509742136646], "native_hawaiian": [0.015605799510617031, 0.017126135288974536, 0.01795649387854913, 0.02214074976268298, 0.02314490716973566, 0.024958539591782698, 0.02610868356105435, 0.03696267762400877, 0.04281265117461573], "two_or_more": [0.0007129371218119351, 0.0007728789114723433, 0.001069473341830196, 0.001092425790236963, 0.0012436878825187803, 0.0013249944295805431, 0.0014813039052394865, 0.001894427593317773, 0.0030427545554146535], "democraticPres": [0.23016965288999278, 0.2503951042337863, 0.32805892261841657, 0.33004068950210846, 0.33671993103534437, 0.3419855282199711, 0.36123735747450025, 0.5729405596697031, 0.7180181917083818], "republicanPres": [0.2819818082916182, 0.42705944033029686, 0.6387626425254997, 0.6580144717800289, 0.6632800689646556, 0.6699593104978916, 0.6719410773815835, 0.7496048957662137, 0.7698303471100072], "democraticSen": [0.21836132315521628, 0.23724028334263156, 0.30579257955036815, 0.30707259639414036, 0.311905622496059, 0.3194683549536833, 0.3390839975119488, 0.5493681043129388, 0.6966171052961331], "republicanSen": [0.3033828947038669, 0.4506318956870612, 0.6609160024880513, 0.6805316450463167, 0.688094377503941, 0.6929274036058597, 0.6942074204496318, 0.7627597166573684, 0.7816386768447837]}, "Seat_Vote_Input": {"democraticPres": [192335, 111529, 118156, 117793, 111397, 208557, 134757, 71078, 78109], "republicanPres": [143363, 226396, 227344, 208289, 228167, 81905, 265448, 237729, 233834], "democraticSen": [178009, 98301, 108187, 105212, 102689, 194577, 119189, 64362, 70165], "republicanSen": [146016, 223162, 230460, 205071, 226542, 84740, 268957, 230388, 225590]}, "Majority_Minority_Districts": [], "districtPlanId": "TnSW4", "stateId": "41", "proposedBy": "MGGG-generated", "total_pop": 5081348, "white": 3981049, "af_amer": 853048, "asian": 69149, "hispanic": 2179, "native_hawaiian": 127976, "two_or_more": 7103, "democraticPres": 1143711, "democraticSen": 1040691, "republicanPres": 1852475, "republicanSen": 1840926, "polsby_popper": 0.16132309724574923, "efficiency_gap": 0.054458902084183025, "num_majority_minority_districts": 1, "vote_split_democrats_pres": 0.38172229627933646, "vote_split_republicans_pres": 0.6182777037206635, "vote_split_democrats_sen": 0.3611482719598059, "vote_split_republicans_sen": 0.6388517280401941}