{"Box_Whisker_Percents": {"white": [0.3501070177890978, 0.7066900249090962, 0.7544227232714817, 0.7836258950424642, 0.8348702532726596, 0.8455989477765051, 0.8862697491743283, 0.9328793988300809, 0.9429883236255278], "af_amer": [0.026312804400471738, 0.02631725893049015, 0.07198250468624476, 0.09696246585672837, 0.12116167055316532, 0.15137701537965229, 0.2069288895473997, 0.21823911300712914, 0.6052268976822797], "asian": [0.0056230250542406756, 0.01010353970770634, 0.010122276379497266, 0.010554315808265644, 0.01123438820955751, 0.015370885960544494, 0.015712280994766206, 0.018401519563674213, 0.025501402926103017], "hispanic": [0.00020886036064422618, 0.00024144810771853324, 0.00026376396488575834, 0.00028563777559582253, 0.0003085316855068548, 0.0003399948463939073, 0.00042790440112261977, 0.0005820830111289534, 0.001178194977242603], "native_hawaiian": [0.016255097723242018, 0.018712359570147382, 0.01905814230914361, 0.021367490850665, 0.02234272265861679, 0.023634683566823942, 0.029699114354955487, 0.03615761163046756, 0.0396093996048902], "two_or_more": [0.0006877987738456414, 0.0008511271935984406, 0.0010212172262086053, 0.001097920199946443, 0.0012889335073696135, 0.0013822916757454003, 0.0014250335015639963, 0.0017787098806081255, 0.003038410558871177], "democraticPres": [0.22319338734757346, 0.26029833620195064, 0.3211282344812833, 0.3343853659129294, 0.3402390438247012, 0.37036939120217377, 0.3728726273971259, 0.5271780961455373, 0.7189226975686269], "republicanPres": [0.2810773024313731, 0.47282190385446266, 0.6271273726028741, 0.6296306087978263, 0.6597609561752988, 0.6656146340870707, 0.6788717655187168, 0.7397016637980494, 0.7768066126524266], "democraticSen": [0.21128824670087348, 0.24406261406542643, 0.3007959413069235, 0.3151467114260848, 0.32430077798495466, 0.34169844566283447, 0.34815760738807766, 0.5035930043922736, 0.6935739055049849], "republicanSen": [0.3064260944950152, 0.4964069956077264, 0.6518423926119223, 0.6583015543371655, 0.6756992220150453, 0.6848532885739153, 0.6992040586930766, 0.7559373859345736, 0.7887117532991266]}, "Seat_Vote_Input": {"democraticPres": [111085, 136845, 68180, 184244, 90740, 206714, 126083, 110081, 109739], "republicanPres": [234836, 230157, 237295, 165247, 257860, 80819, 214342, 219123, 212796], "democraticSen": [99013, 121591, 61562, 169803, 81575, 192009, 112872, 101389, 100877], "republicanSen": [230157, 234252, 229803, 167380, 252663, 84831, 211326, 220331, 210183]}, "Majority_Minority_Districts": [], "districtPlanId": "TnSW9", "stateId": "41", "proposedBy": "MGGG-generated", "total_pop": 5081348, "white": 3981049, "af_amer": 853048, "asian": 69149, "hispanic": 2179, "native_hawaiian": 127976, "two_or_more": 7103, "democraticPres": 1143711, "democraticSen": 1040691, "republicanPres": 1852475, "republicanSen": 1840926, "polsby_popper": 0.13053902441664691, "efficiency_gap": 0.05083295896850196, "num_majority_minority_districts": 1, "vote_split_democrats_pres": 0.38172229627933646, "vote_split_republicans_pres": 0.6182777037206635, "vote_split_democrats_sen": 0.3611482719598059, "vote_split_republicans_sen": 0.6388517280401941}