{"Box_Whisker_Percents": {"white": [0.619565431631563, 0.6468393928107208, 0.6974981611337223, 0.738279964908433, 0.7467069505104469, 0.8283289527728659, 0.858470123494669, 0.864090079573245], "af_amer": [0.011527655381340162, 0.011814451177418119, 0.0164613918298891, 0.018210170156426224, 0.023257343355293444, 0.06314525952293665, 0.07003430827315026, 0.13166156114839955], "asian": [0.009188571075959497, 0.012392487618300398, 0.02698076201455325, 0.030618623916545216, 0.03179974436079115, 0.032806307082543514, 0.04402842985371161, 0.04526935092773474], "hispanic": [0.0005187252086953, 0.0005676152489069572, 0.0008201142249181733, 0.0009206998866533333, 0.001244707617230554, 0.0015848575491590252, 0.0015925763865072514, 0.002684739868093306], "native_hawaiian": [0.0759085905117956, 0.0861509549743039, 0.12603094224795064, 0.13810842354268169, 0.15928646898302637, 0.1887047918947462, 0.2537713921443633, 0.25655065299573865], "two_or_more": [0.0014115496385314484, 0.0017251952389044456, 0.0017622919383293702, 0.001961457362820576, 0.0021431417529661624, 0.0031398195342896675, 0.004323221113281695, 0.004715429323390722], "democraticPres": [0.4289486544420627, 0.45155622209040747, 0.4628586799672179, 0.5093716531666892, 0.6053733179462614, 0.6509927023089793, 0.6728123988490132, 0.7666324945306968], "republicanPres": [0.2333675054693032, 0.3271876011509867, 0.3490072976910207, 0.39462668205373863, 0.4906283468333108, 0.5371413200327821, 0.5484437779095925, 0.5710513455579372], "democraticSen": [0.41782215754818497, 0.4248412909735555, 0.4502220417692288, 0.47770997883433997, 0.5878809887208499, 0.6251749948668173, 0.6506411965278148, 0.7442771514577591], "republicanSen": [0.25572284854224087, 0.3493588034721852, 0.3748250051331828, 0.41211901127915007, 0.52229002116566, 0.5497779582307711, 0.5751587090264445, 0.582177842451815]}, "Seat_Vote_Input": {"democraticPres": [161388, 154485, 263984, 244939, 222419, 290152, 282870, 184115], "republicanPres": [196016, 205663, 128375, 235926, 144989, 88324, 151651, 213663], "democraticSen": [151577, 149882, 256270, 231343, 215312, 281371, 267940, 177419], "republicanSen": [205208, 208840, 137603, 252932, 150939, 96675, 160644, 216651]}, "Majority_Minority_Districts": [], "districtPlanId": "TnSW6", "stateId": "41", "proposedBy": "MGGG-generated", "total_pop": 4152516, "white": 3118422, "af_amer": 179444, "asian": 121128, "hispanic": 5127, "native_hawaiian": 662828, "two_or_more": 10969, "democraticPres": 1804352, "democraticSen": 1731114, "republicanPres": 1364607, "republicanSen": 1429492, "polsby_popper": 0.11407803301367339, "efficiency_gap": 0.009278914621489266, "num_majority_minority_districts": 0, "vote_split_democrats_pres": 0.5693831949230015, "vote_split_republicans_pres": 0.43061680507699845, "vote_split_democrats_sen": 0.5477158494288753, "vote_split_republicans_sen": 0.45228415057112464}