{"Box_Whisker_Percents": {"white": [0.3438396184390134, 0.6991187353540808, 0.7506787570261958, 0.7776062527814864, 0.8268270730391942, 0.8795706758929597, 0.8942125001772371, 0.9383363115757481, 0.9401574245415829], "af_amer": [0.02495919573384362, 0.028550684858734052, 0.06318324896848015, 0.06757135063741818, 0.12688574052210416, 0.1566793919670672, 0.21187824795842614, 0.2221178042457157, 0.6108643265165922], "asian": [0.005568375286685146, 0.006603330883720107, 0.011804553471220138, 0.012585605512782339, 0.012671898752076926, 0.013945367078915213, 0.014488067423230975, 0.017586424715745952, 0.02695714478562009], "hispanic": [0.00020457677730561618, 0.0002576180704764324, 0.00028240558543588846, 0.00029926600143435184, 0.0003411461095202743, 0.0003980574795000398, 0.00041507787986661226, 0.0004980362130815149, 0.0011421478638184246], "native_hawaiian": [0.01511204767006366, 0.017129776929331497, 0.01994484388850586, 0.0207207877834021, 0.022526855860189193, 0.024958539591782698, 0.026160704031239233, 0.03777258566978193, 0.04170777042813678], "two_or_more": [0.0006876925891010398, 0.0009234052206956201, 0.0009473805370850783, 0.001123377742046629, 0.0011296223417435539, 0.0012320147064022343, 0.0014813039052394865, 0.001962596442404544, 0.003043989207832666], "democraticPres": [0.20915593262323506, 0.2551781452437777, 0.3272244869271858, 0.34246968174204356, 0.34247928087564833, 0.35272853060423137, 0.3987994604051674, 0.52044843707652, 0.7180181917083818], "republicanPres": [0.2819818082916182, 0.47955156292348, 0.6012005395948327, 0.6472714693957686, 0.6575207191243516, 0.6575303182579565, 0.6727755130728141, 0.7448218547562223, 0.7908440673767649], "democraticSen": [0.195592403304556, 0.23952038976240944, 0.30291096048465754, 0.3119336766265912, 0.32413107301827826, 0.3361568566917182, 0.37752165841584157, 0.49710106328491527, 0.6966171052961331], "republicanSen": [0.3033828947038669, 0.5028989367150847, 0.6224783415841584, 0.6638431433082818, 0.6758689269817217, 0.6880663233734088, 0.6970890395153425, 0.7604796102375906, 0.804407596695444]}, "Seat_Vote_Input": {"democraticPres": [67549, 111738, 83825, 184347, 111327, 208557, 135398, 113186, 127784], "republicanPres": [255411, 229734, 244671, 169861, 213735, 81905, 204116, 207701, 245341], "democraticSen": [59970, 98450, 75710, 169848, 102675, 194577, 122015, 104531, 112915], "republicanSen": [246637, 226563, 240380, 171829, 214095, 84740, 201185, 206428, 249069]}, "Majority_Minority_Districts": [], "districtPlanId": "TnSW6", "stateId": "41", "proposedBy": "MGGG-generated", "total_pop": 5081348, "white": 3981049, "af_amer": 853048, "asian": 69149, "hispanic": 2179, "native_hawaiian": 127976, "two_or_more": 7103, "democraticPres": 1143711, "democraticSen": 1040691, "republicanPres": 1852475, "republicanSen": 1840926, "polsby_popper": 0.13234243507354018, "efficiency_gap": 0.04828104797232215, "num_majority_minority_districts": 1, "vote_split_democrats_pres": 0.38172229627933646, "vote_split_republicans_pres": 0.6182777037206635, "vote_split_democrats_sen": 0.3611482719598059, "vote_split_republicans_sen": 0.6388517280401941}