{"Box_Whisker_Percents": {"white": [0.6737361008587327, 0.6880068777761857, 0.7083048047506966, 0.7284229845666519, 0.7406620589585963, 0.7975092442954087, 0.8247712678297437, 0.8467816845478474], "af_amer": [0.01105154018462806, 0.013195431039381712, 0.0162423311141978, 0.017285950281555773, 0.04708324974534066, 0.0691349163164577, 0.07350392416554988, 0.09894636289821847], "asian": [0.00921558599003618, 0.018061674844333513, 0.024129787258200645, 0.027228776784635585, 0.03232534895477577, 0.03653265969526577, 0.042411249405578326, 0.04422410087405072], "hispanic": [0.00043378606201814704, 0.0007683078681538281, 0.0008595642365821825, 0.0010144719873907437, 0.001125759839199425, 0.0013048863060906707, 0.0017488769851718813, 0.002645380135915811], "native_hawaiian": [0.1030546219402781, 0.12898789566403365, 0.1370812446214463, 0.14078656233665685, 0.14739778288300903, 0.15355017433252138, 0.2274716563666783, 0.23699997534371806], "two_or_more": [0.0013278778579682144, 0.001628022586337682, 0.001899953447355772, 0.0022551014795665807, 0.0024677123118783243, 0.00332679633246741, 0.0035764436165639777, 0.0046713824281926905], "democraticPres": [0.4486042891305601, 0.4603092823743394, 0.46415311339742227, 0.5112536197052652, 0.6082931293993169, 0.6416587237431077, 0.6932811095688615, 0.7278223502555203], "republicanPres": [0.27217764974447967, 0.30671889043113854, 0.35834127625689227, 0.39170687060068304, 0.4887463802947349, 0.5358468866025777, 0.5396907176256606, 0.5513957108694398], "democraticSen": [0.42236875768554666, 0.445048469273919, 0.4517100864189743, 0.4831502430815258, 0.5836995530838148, 0.6176451236362485, 0.6685454767713167, 0.7092771164460996], "republicanSen": [0.29072288355390036, 0.33145452322868335, 0.38235487636375154, 0.4163004469161852, 0.5168497569184742, 0.5482899135810256, 0.554951530726081, 0.5776312423144534]}, "Seat_Vote_Input": {"democraticPres": [163392, 176901, 260725, 185645, 218042, 273873, 265913, 259861], "republicanPres": [200831, 207408, 115349, 214320, 208443, 102418, 148502, 167336], "democraticSen": [153534, 169547, 251575, 179024, 206711, 266635, 253455, 250633], "republicanSen": [209973, 211416, 124727, 217301, 221129, 109290, 156902, 178754]}, "Majority_Minority_Districts": [], "districtPlanId": "TnSW4", "stateId": "41", "proposedBy": "MGGG-generated", "total_pop": 4152516, "white": 3118422, "af_amer": 179444, "asian": 121128, "hispanic": 5127, "native_hawaiian": 662828, "two_or_more": 10969, "democraticPres": 1804352, "democraticSen": 1731114, "republicanPres": 1364607, "republicanSen": 1429492, "polsby_popper": 0.10474694571165803, "efficiency_gap": 0.001187298415662683, "num_majority_minority_districts": 0, "vote_split_democrats_pres": 0.5693831949230015, "vote_split_republicans_pres": 0.43061680507699845, "vote_split_democrats_sen": 0.5477158494288753, "vote_split_republicans_sen": 0.45228415057112464}