{"Box_Whisker_Percents": {"white": [0.5968988148748774, 0.6807407744840126, 0.7070481208675576, 0.7406620589585963, 0.8014881718151685, 0.8066644684523925, 0.8319750656897517, 0.8388435413320202], "af_amer": [0.011373870117741236, 0.012983454484444277, 0.013901119149678997, 0.01791183076029086, 0.030601549847890906, 0.04620445132807191, 0.0691349163164577, 0.14518419284772777], "asian": [0.009300334656393494, 0.010267303252556028, 0.026359175281727022, 0.03232534895477577, 0.03305727690954469, 0.03549779782355345, 0.0362225588113595, 0.051000922482123234], "hispanic": [0.00043916702800662644, 0.0007739007312295129, 0.0008359128823904328, 0.0011160587183546107, 0.0011578453481860423, 0.0013074615614153567, 0.0016314811224120067, 0.002645380135915811], "native_hawaiian": [0.10133209965034617, 0.11972537119159692, 0.1228926468244703, 0.1370812446214463, 0.13980060903466066, 0.18944374915537066, 0.22143516040496988, 0.24672741978546636], "two_or_more": [0.001391622101404964, 0.0016719359155885718, 0.0018346401504246081, 0.0018532187897538988, 0.0024519077961586777, 0.0025471952381494684, 0.0046713824281926905, 0.004757344113251818], "democraticPres": [0.40967087904457716, 0.4486042891305601, 0.46347871654499745, 0.5777901916564941, 0.6012349299291961, 0.6427678063834971, 0.6678413067708916, 0.7239561302027857], "republicanPres": [0.2760438697972143, 0.33215869322910835, 0.3572321936165029, 0.3987650700708039, 0.4222098083435058, 0.5365212834550025, 0.5513957108694398, 0.5903291209554229], "democraticSen": [0.398101228633226, 0.42236875768554666, 0.45054781774159763, 0.5465964519482299, 0.5756440126862917, 0.6225476343162722, 0.6429736227571461, 0.7041014081059165], "republicanSen": [0.2958985918940835, 0.3570263772428539, 0.3774523656837277, 0.42435598731370827, 0.45340354805177, 0.5494521822584024, 0.5776312423144534, 0.601898771366774]}, "Seat_Vote_Input": {"democraticPres": [163392, 251337, 237432, 254237, 147502, 274420, 284105, 191927], "republicanPres": [200831, 183660, 131958, 168621, 212548, 136486, 108329, 222174], "democraticSen": [153534, 239248, 229105, 244845, 142277, 261019, 276119, 184967], "republicanSen": [209973, 198457, 138907, 180496, 215112, 144937, 116039, 225571]}, "Majority_Minority_Districts": [], "districtPlanId": "TnSW9", "stateId": "41", "proposedBy": "MGGG-generated", "total_pop": 4152516, "white": 3118422, "af_amer": 179444, "asian": 121128, "hispanic": 5127, "native_hawaiian": 662828, "two_or_more": 10969, "democraticPres": 1804352, "democraticSen": 1731114, "republicanPres": 1364607, "republicanSen": 1429492, "polsby_popper": 0.11164053802648405, "efficiency_gap": 0.0020071259994212613, "num_majority_minority_districts": 0, "vote_split_democrats_pres": 0.5693831949230015, "vote_split_republicans_pres": 0.43061680507699845, "vote_split_democrats_sen": 0.5477158494288753, "vote_split_republicans_sen": 0.45228415057112464}