{"Box_Whisker_Percents": {"white": [0.6040225812453731, 0.6454023121655121, 0.7442590377715189, 0.7556843406825244, 0.787997419886304, 0.7985856034359563, 0.8297267028962539, 0.838959038212151], "af_amer": [0.011429800852528675, 0.012084751216373014, 0.013207539838276609, 0.01850873427335469, 0.04034042849031899, 0.06766078938230642, 0.07931543671986033, 0.10498382101954606], "asian": [0.009222600654284062, 0.013731576572114167, 0.027432014742733452, 0.031977478405147794, 0.032464601257764576, 0.03509515081215682, 0.039499494165527574, 0.044992642202472684], "hispanic": [0.000516742257030288, 0.0007732569661126935, 0.0008151405532425238, 0.00099429295152484, 0.0012900285428471007, 0.0013098658213078845, 0.00151821662001829, 0.0026582815695049963], "native_hawaiian": [0.10386081596236516, 0.10814848038689925, 0.12499783890320015, 0.1353505150661677, 0.1526113936888243, 0.19344307238452688, 0.19450773628034798, 0.26442305789017373], "two_or_more": [0.0014234424254997897, 0.0015717781959652493, 0.0016694368310786764, 0.0021390852253519487, 0.002842697627351695, 0.0033554973781556733, 0.0036144244434855245, 0.004581581079516957], "democraticPres": [0.44517313961477084, 0.46705682981594077, 0.4813986290861399, 0.5247074845372525, 0.5757337710007903, 0.6237838742713093, 0.6870254556317439, 0.7731035411189046], "republicanPres": [0.22689645888109544, 0.3129745443682561, 0.37621612572869073, 0.4242662289992098, 0.47529251546274753, 0.51860137091386, 0.5329431701840592, 0.5548268603852291], "democraticSen": [0.4192432794150719, 0.45423576441235664, 0.4627875541567684, 0.4932817681554907, 0.549412489394591, 0.6019346519742702, 0.6713506461060141, 0.7519583464988804], "republicanSen": [0.24804165350111965, 0.32864935389398586, 0.39806534802572974, 0.450587510605409, 0.5067182318445093, 0.5372124458432316, 0.5457642355876433, 0.5807567205849281]}, "Seat_Vote_Input": {"democraticPres": [194538, 253386, 231173, 246254, 281395, 248381, 162640, 186585], "republicanPres": [209572, 152822, 209402, 181468, 82586, 113150, 202701, 212906], "democraticSen": [183511, 244613, 218364, 236360, 273679, 241844, 152867, 179876], "republicanSen": [213023, 161765, 224312, 193845, 90276, 118391, 211759, 216121]}, "Majority_Minority_Districts": [], "districtPlanId": "TnSW5", "stateId": "41", "proposedBy": "MGGG-generated", "total_pop": 4152516, "white": 3118422, "af_amer": 179444, "asian": 121128, "hispanic": 5127, "native_hawaiian": 662828, "two_or_more": 10969, "democraticPres": 1804352, "democraticSen": 1731114, "republicanPres": 1364607, "republicanSen": 1429492, "polsby_popper": 0.10062866977038454, "efficiency_gap": 0.007638943892931401, "num_majority_minority_districts": 0, "vote_split_democrats_pres": 0.5693831949230015, "vote_split_republicans_pres": 0.43061680507699845, "vote_split_democrats_sen": 0.5477158494288753, "vote_split_republicans_sen": 0.45228415057112464}