{"Box_Whisker_Percents": {"white": [0.3438396184390134, 0.7001742838052138, 0.7464299781081403, 0.7877368092070303, 0.842960073387305, 0.8658580537606307, 0.8943801905538289, 0.9186152560416962, 0.9429883236255278], "af_amer": [0.026312804400471738, 0.04414278828314914, 0.06318881625066103, 0.08037789928037893, 0.1101504261629305, 0.14799483374494046, 0.2157969461313695, 0.22104908732159462, 0.6108643265165922], "asian": [0.0056230250542406756, 0.006354661182989968, 0.01083175247815748, 0.012854826742875986, 0.013645874876797094, 0.013945367078915213, 0.014227016199488058, 0.016476299306341993, 0.02818722163003334], "hispanic": [0.0001520205928119881, 0.00020886036064422618, 0.0002576180704764324, 0.0002689680355536556, 0.00035356727395967867, 0.0003831869362730649, 0.0004186998323456088, 0.0006500545518752317, 0.001179880426774459], "native_hawaiian": [0.016255097723242018, 0.01725151823253002, 0.018339222737376506, 0.019197692130650423, 0.024958539591782698, 0.0252135267765695, 0.02758575925745627, 0.03658890263914933, 0.04092616402914848], "two_or_more": [0.0006877987738456414, 0.0008131885661179523, 0.0010544971989918152, 0.0010980651214108643, 0.0012347375266778416, 0.0014813039052394865, 0.001508249252280736, 0.001796920113816571, 0.002918177544083395], "democraticPres": [0.22319338734757346, 0.24397019825735572, 0.31302240441385, 0.328689876923818, 0.33182844243792325, 0.35566275021251326, 0.3600252915981433, 0.5867997356770722, 0.7180181917083818], "republicanPres": [0.2819818082916182, 0.4132002643229277, 0.6399747084018568, 0.6443372497874867, 0.6681715575620768, 0.671310123076182, 0.68697759558615, 0.7560298017426442, 0.7768066126524266], "democraticSen": [0.21128824670087348, 0.23129249482317263, 0.2890740409299393, 0.30713016500685014, 0.3111177035917689, 0.333279883122205, 0.3377607713012512, 0.5559380982303342, 0.6966171052961331], "republicanSen": [0.3033828947038669, 0.4440619017696658, 0.6622392286987488, 0.666720116877795, 0.6888822964082312, 0.6928698349931499, 0.7109259590700606, 0.7687075051768274, 0.7887117532991266]}, "Seat_Vote_Input": {"democraticPres": [206905, 109662, 68180, 121412, 79212, 208557, 118435, 122173, 109175], "republicanPres": [145694, 220816, 237295, 266458, 245467, 81905, 210528, 221335, 222977], "democraticSen": [190217, 96621, 61562, 108214, 70927, 194577, 105659, 112236, 100678], "republicanSen": [151938, 217972, 229803, 266133, 235728, 84740, 207163, 224526, 222923]}, "Majority_Minority_Districts": [], "districtPlanId": "TnSW3", "stateId": "41", "proposedBy": "MGGG-generated", "total_pop": 5081348, "white": 3981049, "af_amer": 853048, "asian": 69149, "hispanic": 2179, "native_hawaiian": 127976, "two_or_more": 7103, "democraticPres": 1143711, "democraticSen": 1040691, "republicanPres": 1852475, "republicanSen": 1840926, "polsby_popper": 0.16079458439375036, "efficiency_gap": 0.048818064032072776, "num_majority_minority_districts": 1, "vote_split_democrats_pres": 0.38172229627933646, "vote_split_republicans_pres": 0.6182777037206635, "vote_split_democrats_sen": 0.3611482719598059, "vote_split_republicans_sen": 0.6388517280401941}