{"Box_Whisker_Percents": {"white": [0.3438396184390134, 0.725396833975582, 0.7366659583510412, 0.75, 0.8383238628808496, 0.8715760509588845, 0.9023189811267014, 0.9261999593758004, 0.9429883236255278], "af_amer": [0.026312804400471738, 0.04096862222143721, 0.05240849874878778, 0.07850201856982073, 0.11599457480475503, 0.19316866216275627, 0.19336277047854278, 0.21221835599372812, 0.6108643265165922], "asian": [0.0056230250542406756, 0.006838995699133645, 0.010924853954098594, 0.011867866564489987, 0.012815831489715115, 0.013429321110102725, 0.013945367078915213, 0.01611845479725076, 0.03125850101156408], "hispanic": [0.00020886036064422618, 0.0002576180704764324, 0.00027203237005049715, 0.0002836703396065847, 0.0003203957872428779, 0.00033884048445675697, 0.000386553368100531, 0.0005969991080338771, 0.001216348901622287], "native_hawaiian": [0.01562795298190457, 0.016255097723242018, 0.017387288699873275, 0.02230819832222275, 0.022805322364746868, 0.024958539591782698, 0.026083906439161107, 0.04074952005510207, 0.04116516328247589], "two_or_more": [0.0006877987738456414, 0.0008760696969964586, 0.0011054070000067816, 0.001138227237671421, 0.0011765767575860255, 0.001204616563209256, 0.0014813039052394865, 0.0017979357967575903, 0.003189252165247593], "democraticPres": [0.22319338734757346, 0.2542080501829587, 0.29155681272348827, 0.3277510476027124, 0.3286274878528347, 0.33870559111623916, 0.45838618431761574, 0.5331170158552841, 0.7180181917083818], "republicanPres": [0.2819818082916182, 0.4668829841447158, 0.5416138156823843, 0.6612944088837608, 0.6713725121471653, 0.6722489523972877, 0.7084431872765117, 0.7457919498170413, 0.7768066126524266], "democraticSen": [0.21128824670087348, 0.2392075818977348, 0.26877102788172197, 0.3035261237481562, 0.3070875945870994, 0.32217679881416583, 0.43753835674098635, 0.5015699403214738, 0.6966171052961331], "republicanSen": [0.3033828947038669, 0.4984300596785261, 0.5624616432590136, 0.6778232011858342, 0.6929124054129007, 0.6964738762518438, 0.731228972118278, 0.7607924181022652, 0.7887117532991266]}, "Seat_Vote_Input": {"democraticPres": [109258, 110830, 68180, 82671, 118834, 208557, 149251, 110963, 185167], "republicanPres": [265482, 227323, 237295, 242539, 242773, 81905, 176350, 216646, 162162], "democraticSen": [96821, 97743, 61562, 74079, 108518, 194577, 136172, 102372, 168847], "republicanSen": [263415, 224282, 229803, 235606, 244860, 84740, 175051, 215379, 167790]}, "Majority_Minority_Districts": [], "districtPlanId": "TnSW5", "stateId": "41", "proposedBy": "MGGG-generated", "total_pop": 5081348, "white": 3981049, "af_amer": 853048, "asian": 69149, "hispanic": 2179, "native_hawaiian": 127976, "two_or_more": 7103, "democraticPres": 1143711, "democraticSen": 1040691, "republicanPres": 1852475, "republicanSen": 1840926, "polsby_popper": 0.15227761109885934, "efficiency_gap": 0.05057696685052263, "num_majority_minority_districts": 1, "vote_split_democrats_pres": 0.38172229627933646, "vote_split_republicans_pres": 0.6182777037206635, "vote_split_democrats_sen": 0.3611482719598059, "vote_split_republicans_sen": 0.6388517280401941}