{"Box_Whisker_Percents": {"white": [0.6396936578452481, 0.6782806946959029, 0.7030697213078447, 0.7406620589585963, 0.7694525739303733, 0.7970863445742409, 0.8297267028962539, 0.8502282945465558], "af_amer": [0.011429800852528675, 0.012496020375676537, 0.01475690640367808, 0.016833589190764903, 0.0468297075418379, 0.05529968380004865, 0.0691349163164577, 0.12060956949349198], "asian": [0.009222600654284062, 0.012074830253895122, 0.02502672248060834, 0.03074987769935006, 0.03232534895477577, 0.036907396231475896, 0.0412276090419063, 0.046601541055221796], "hispanic": [0.000516742257030288, 0.0007621384843733031, 0.0008561045495841778, 0.0008983844771716189, 0.0011322815185217116, 0.001338282644537365, 0.0017326164065146377, 0.002645380135915811], "native_hawaiian": [0.09305914692384747, 0.12068951989392002, 0.12499783890320015, 0.1370812446214463, 0.14971638921650257, 0.1761837274224508, 0.2224502112251056, 0.24998059774100917], "two_or_more": [0.0014234424254997897, 0.0018380091200081773, 0.0018843874026129917, 0.0019043958347892934, 0.002327786878179153, 0.002752038038147994, 0.00437631649645495, 0.0046713824281926905], "democraticPres": [0.4136490958657831, 0.4486042891305601, 0.46705682981594077, 0.5678569269825918, 0.5885131763531771, 0.6543944156735039, 0.6787964409815128, 0.7118502799580702], "republicanPres": [0.2881497200419298, 0.3212035590184872, 0.34560558432649613, 0.4114868236468229, 0.4321430730174081, 0.5329431701840592, 0.5513957108694398, 0.5863509041342169], "democraticSen": [0.40191048857690403, 0.42236875768554666, 0.45423576441235664, 0.5448680100323477, 0.5641565510247577, 0.6232565812495626, 0.6537025798123423, 0.6925624780997348], "republicanSen": [0.30743752190026524, 0.34629742018765775, 0.37674341875043743, 0.43584344897524235, 0.45513198996765225, 0.5457642355876433, 0.5776312423144534, 0.598089511423096]}, "Seat_Vote_Input": {"democraticPres": [163392, 154615, 278426, 260430, 225471, 250031, 285402, 186585], "republicanPres": [200831, 219168, 112704, 137541, 171585, 174821, 135051, 212906], "democraticSen": [153534, 149321, 270776, 249350, 215941, 240883, 271433, 179876], "republicanSen": [209973, 222207, 120201, 150726, 180377, 186096, 143791, 216121]}, "Majority_Minority_Districts": [], "districtPlanId": "TnSW0", "stateId": "41", "proposedBy": "MGGG-generated", "total_pop": 4152516, "white": 3118422, "af_amer": 179444, "asian": 121128, "hispanic": 5127, "native_hawaiian": 662828, "two_or_more": 10969, "democraticPres": 1804352, "democraticSen": 1731114, "republicanPres": 1364607, "republicanSen": 1429492, "polsby_popper": 0.11950125660970076, "efficiency_gap": 0.002283873032121905, "num_majority_minority_districts": 0, "vote_split_democrats_pres": 0.5693831949230015, "vote_split_republicans_pres": 0.43061680507699845, "vote_split_democrats_sen": 0.5477158494288753, "vote_split_republicans_sen": 0.45228415057112464}