{"Box_Whisker_Percents": {"white": [0.3438396184390134, 0.7060680407909707, 0.7506787570261958, 0.7843863151472706, 0.841419719110101, 0.8601826382766042, 0.899110832284814, 0.9185744676016159, 0.9429883236255278], "af_amer": [0.026312804400471738, 0.03958530347975199, 0.06217164406654914, 0.08201475818642902, 0.11124802471547025, 0.15107018956199664, 0.21187824795842614, 0.2199302700552116, 0.6108643265165922], "asian": [0.0056230250542406756, 0.008187651748616017, 0.010820120381385273, 0.01124164543342107, 0.012671898752076926, 0.013945367078915213, 0.014956300743302516, 0.01943237473756087, 0.025373952131335198], "hispanic": [0.00020886036064422618, 0.00022024853123945735, 0.0002576180704764324, 0.0003315487865314413, 0.0003411461095202743, 0.00035549173129752724, 0.00039239360096589195, 0.0006483879673212465, 0.0011136902677549665], "native_hawaiian": [0.016255097723242018, 0.017129776929331497, 0.01740308352288459, 0.022047577178756154, 0.02460361144155821, 0.024958539591782698, 0.028421739903242895, 0.03668860353709473, 0.039138461753229985], "two_or_more": [0.0006877987738456414, 0.0008617660785797815, 0.0010741996768523286, 0.0010882403451526867, 0.0012320147064022343, 0.0012811781207158408, 0.0014813039052394865, 0.0017676785302965792, 0.0031334948214305053], "democraticPres": [0.22319338734757346, 0.24721961717002156, 0.3272244869271858, 0.3349703651345885, 0.3471306299985969, 0.36621038663822975, 0.3696889473158113, 0.527649164980828, 0.7180181917083818], "republicanPres": [0.2819818082916182, 0.472350835019172, 0.6303110526841886, 0.6337896133617702, 0.6528693700014031, 0.6650296348654116, 0.6727755130728141, 0.7527803828299785, 0.7768066126524266], "democraticSen": [0.21128824670087348, 0.2304850041363642, 0.30291096048465754, 0.3190550813655411, 0.32711276422913194, 0.3368067952539502, 0.3471393929364741, 0.5042421228167695, 0.6966171052961331], "republicanSen": [0.3033828947038669, 0.49575787718323044, 0.6528606070635259, 0.6631932047460498, 0.6728872357708681, 0.6809449186344588, 0.6970890395153425, 0.7695149958636358, 0.7887117532991266]}, "Seat_Vote_Input": {"democraticPres": [122048, 111738, 68180, 136335, 116278, 208557, 84092, 109472, 187011], "republicanPres": [208089, 229734, 237295, 235951, 218691, 81905, 256059, 217339, 167412], "democraticSen": [109083, 98450, 61562, 121692, 107117, 194577, 74667, 101188, 172355], "republicanSen": [205151, 226563, 229803, 239619, 220345, 84740, 249289, 215961, 169455]}, "Majority_Minority_Districts": [], "districtPlanId": "TnSW8", "stateId": "41", "proposedBy": "MGGG-generated", "total_pop": 5081348, "white": 3981049, "af_amer": 853048, "asian": 69149, "hispanic": 2179, "native_hawaiian": 127976, "two_or_more": 7103, "democraticPres": 1143711, "democraticSen": 1040691, "republicanPres": 1852475, "republicanSen": 1840926, "polsby_popper": 0.14726257066361917, "efficiency_gap": 0.048209290077451804, "num_majority_minority_districts": 1, "vote_split_democrats_pres": 0.38172229627933646, "vote_split_republicans_pres": 0.6182777037206635, "vote_split_democrats_sen": 0.3611482719598059, "vote_split_republicans_sen": 0.6388517280401941}