{"Box_Whisker_Percents": {"white": [0.3438396184390134, 0.7065250050225169, 0.7498125645414551, 0.792022963126518, 0.8232544623594368, 0.8543930006224184, 0.8935928675756801, 0.937737211147405, 0.9441582411781967], "af_amer": [0.023985512153365595, 0.03131365835876689, 0.06066028915137094, 0.08770263961975895, 0.12787664779281618, 0.14383219253698387, 0.21222468206702408, 0.218096350541454, 0.6108643265165922], "asian": [0.005346126532518652, 0.006482877911755666, 0.01234402655841354, 0.012371259347719987, 0.01306566606781627, 0.013945367078915213, 0.01473526164716273, 0.017077604255078368, 0.027253154407280784], "hispanic": [0.00023517512589826288, 0.0002576180704764324, 0.00029483871428877755, 0.0003218231458035676, 0.00033779759523669834, 0.00034682432275399966, 0.0004358160960253919, 0.00043676966564225393, 0.001187017001545595], "native_hawaiian": [0.015131480197559808, 0.016430787715889576, 0.01708668713131799, 0.022504250385707976, 0.024952228317820378, 0.024958539591782698, 0.030719529791206925, 0.03624287922278649, 0.03872938323492756], "two_or_more": [0.0006354927934075436, 0.0008594995246842545, 0.000965387290139999, 0.0011993554125095764, 0.0012855243241713938, 0.0014181236915068183, 0.0014813039052394865, 0.0018614425379622271, 0.002880989180834621], "democraticPres": [0.22182192166982123, 0.24257754579711696, 0.3217119755128761, 0.3366122228616518, 0.34908307633102253, 0.35523573926713053, 0.36141611413912833, 0.5595750216825672, 0.7180181917083818], "republicanPres": [0.2819818082916182, 0.44042497831743277, 0.6385838858608717, 0.6447642607328694, 0.6509169236689775, 0.6633877771383482, 0.6782880244871239, 0.757422454202883, 0.7781780783301788], "democraticSen": [0.20968522685645508, 0.2289910404047998, 0.2978345154249037, 0.3153600826170155, 0.3209798751941455, 0.3383268237369283, 0.3388562018946122, 0.5334216641892154, 0.6966171052961331], "republicanSen": [0.3033828947038669, 0.46657833581078456, 0.6611437981053878, 0.6616731762630716, 0.6790201248058545, 0.6846399173829846, 0.7021654845750963, 0.7710089595952002, 0.7903147731435449]}, "Seat_Vote_Input": {"democraticPres": [109098, 123137, 77055, 193557, 71607, 208557, 130622, 113474, 116604], "republicanPres": [230019, 217570, 240596, 152343, 251206, 81905, 243564, 223632, 211640], "democraticSen": [96331, 109887, 70055, 178349, 64110, 194577, 116144, 103826, 107412], "republicanSen": [227107, 214401, 235874, 156000, 241634, 84740, 245698, 225404, 210068]}, "Majority_Minority_Districts": [], "districtPlanId": "TnSW7", "stateId": "41", "proposedBy": "MGGG-generated", "total_pop": 5081348, "white": 3981049, "af_amer": 853048, "asian": 69149, "hispanic": 2179, "native_hawaiian": 127976, "two_or_more": 7103, "democraticPres": 1143711, "democraticSen": 1040691, "republicanPres": 1852475, "republicanSen": 1840926, "polsby_popper": 0.14660911039960325, "efficiency_gap": 0.05105390653317251, "num_majority_minority_districts": 1, "vote_split_democrats_pres": 0.38172229627933646, "vote_split_republicans_pres": 0.6182777037206635, "vote_split_democrats_sen": 0.3611482719598059, "vote_split_republicans_sen": 0.6388517280401941}