{"Box_Whisker_Percents": {"white": [0.6088248917608058, 0.7184757478761603, 0.7257666449178747, 0.7463087090569335, 0.751198386534649, 0.7863725710114402, 0.8291693093076734, 0.8440318654224275], "af_amer": [0.010945397524542514, 0.014093931663251224, 0.02085582986244027, 0.02216434756504076, 0.027550638244748914, 0.0442219133263359, 0.06616509247325307, 0.13933666887419754], "asian": [0.008902619813776493, 0.014032120758511544, 0.028779070872667963, 0.030921108621032027, 0.03125487656440186, 0.03212758242915011, 0.032734865609195224, 0.05451006212987172], "hispanic": [0.0005233401944724381, 0.0008174252246018379, 0.0008641272120096127, 0.0009588380471475987, 0.0010877489834030557, 0.0016250234470403136, 0.001710212329145408, 0.0022976302871939923], "native_hawaiian": [0.08375987016634936, 0.12647906833772368, 0.13458276365944144, 0.15633542568844314, 0.1805479525470185, 0.18466048244494246, 0.19560410679495163, 0.21297267371819115], "two_or_more": [0.001412434874301078, 0.001710212329145408, 0.0018577505039123875, 0.0021405134951201616, 0.002375346325872552, 0.002457788458537499, 0.004543940710569735, 0.004654023497334122], "democraticPres": [0.4445452754212006, 0.46694998398714904, 0.4879508124816166, 0.5333100337078135, 0.5924393505816641, 0.6283231927400227, 0.6634952415951745, 0.7259228967619614], "republicanPres": [0.2740771032380386, 0.3365047584048256, 0.3716768072599773, 0.4075606494183359, 0.4666899662921865, 0.5120491875183834, 0.533050016012851, 0.5554547245787994], "democraticSen": [0.4184368971440961, 0.4541973573524282, 0.46926918818266217, 0.5022072230574838, 0.5716949752996516, 0.6055932014964154, 0.6425466373483842, 0.7036132740173109], "republicanSen": [0.29638672598268906, 0.3574533626516157, 0.3944067985035846, 0.42830502470034837, 0.4977927769425162, 0.5307308118173378, 0.5458026426475717, 0.5815631028559038]}, "Seat_Vote_Input": {"democraticPres": [261792, 189119, 243714, 183714, 231944, 292899, 160187, 240983], "republicanPres": [132773, 198459, 144166, 209720, 202970, 110586, 200152, 165781], "democraticSen": [253644, 178426, 234238, 177097, 219793, 285007, 150531, 232378], "republicanSen": [141104, 201795, 152553, 212815, 217861, 120055, 209215, 174094]}, "Majority_Minority_Districts": [], "districtPlanId": "TnSW3", "stateId": "41", "proposedBy": "MGGG-generated", "total_pop": 4152516, "white": 3118422, "af_amer": 179444, "asian": 121128, "hispanic": 5127, "native_hawaiian": 662828, "two_or_more": 10969, "democraticPres": 1804352, "democraticSen": 1731114, "republicanPres": 1364607, "republicanSen": 1429492, "polsby_popper": 0.10385939248657274, "efficiency_gap": 0.0010677007812344684, "num_majority_minority_districts": 0, "vote_split_democrats_pres": 0.5693831949230015, "vote_split_republicans_pres": 0.43061680507699845, "vote_split_democrats_sen": 0.5477158494288753, "vote_split_republicans_sen": 0.45228415057112464}