{"Box_Whisker_Percents": {"white": [0.6506668372646125, 0.668057160136775, 0.7327767729131914, 0.7406620589585963, 0.756210482870895, 0.8024308742485468, 0.8050570288899004, 0.8532084527546517], "af_amer": [0.011292161841075338, 0.011426535037835707, 0.013800626463171763, 0.0184372033424878, 0.04754944910096068, 0.06012049320816511, 0.0691349163164577, 0.1115465958183433], "asian": [0.008653121178855912, 0.017219416769027798, 0.025260178106053185, 0.030574660579547757, 0.03232534895477577, 0.0337711578571927, 0.0381408964190244, 0.04691757108665874], "hispanic": [0.0005895898029771405, 0.0005990021685394962, 0.0009158491570611772, 0.0010356377866395081, 0.0011262221739770956, 0.001224719408384347, 0.0017348305811870606, 0.002645380135915811], "native_hawaiian": [0.10257722578590601, 0.1312049894047758, 0.1370812446214463, 0.14289233507761873, 0.14290734989946247, 0.17456685683320036, 0.21255815952214457, 0.2346845414860705], "two_or_more": [0.0016017621278983365, 0.0016544455165893811, 0.001701552330416112, 0.002121750324818519, 0.0023125353761698367, 0.0030744302559095366, 0.003951349479927145, 0.0046713824281926905], "democraticPres": [0.4486042891305601, 0.46152782297429223, 0.5451123423587044, 0.5529636100530919, 0.5836325923341232, 0.5847867791955874, 0.6479346770066722, 0.7164217014802653], "republicanPres": [0.2835782985197347, 0.35206532299332777, 0.41521322080441264, 0.4163674076658767, 0.44703638994690814, 0.45488765764129563, 0.5384721770257078, 0.5513957108694398], "democraticSen": [0.42236875768554666, 0.45239683702820643, 0.5265020438724299, 0.5302500593994114, 0.5588331798086248, 0.560336838332221, 0.6182286490263031, 0.698213485472285], "republicanSen": [0.30178651452771493, 0.3817713509736969, 0.4396631616677789, 0.4411668201913752, 0.46974994060058867, 0.47349795612757, 0.5476031629717936, 0.5776312423144534]}, "Seat_Vote_Input": {"democraticPres": [163392, 219103, 262098, 273595, 170193, 246604, 240857, 228510], "republicanPres": [200831, 182838, 142415, 108296, 198567, 175095, 171829, 184736], "democraticSen": [153534, 208141, 251305, 266425, 165456, 237617, 229928, 218708], "republicanSen": [209973, 187187, 155187, 115156, 200276, 186444, 181515, 193754]}, "Majority_Minority_Districts": [], "districtPlanId": "TnSW8", "stateId": "41", "proposedBy": "MGGG-generated", "total_pop": 4152516, "white": 3118422, "af_amer": 179444, "asian": 121128, "hispanic": 5127, "native_hawaiian": 662828, "two_or_more": 10969, "democraticPres": 1804352, "democraticSen": 1731114, "republicanPres": 1364607, "republicanSen": 1429492, "polsby_popper": 0.08772960655672404, "efficiency_gap": 0.12993273185295234, "num_majority_minority_districts": 0, "vote_split_democrats_pres": 0.5693831949230015, "vote_split_republicans_pres": 0.43061680507699845, "vote_split_democrats_sen": 0.5477158494288753, "vote_split_republicans_sen": 0.45228415057112464}