{"Box_Whisker_Percents": {"white": [0.5872609169788061, 0.691059300518827, 0.7336147875912012, 0.7495178418052627, 0.7697210645183823, 0.8000562518816651, 0.8299126562505967, 0.8485083806166003], "af_amer": [0.011295108826416232, 0.01179767107473307, 0.017563466747382555, 0.021644517574836698, 0.046106735964759386, 0.06585656281720934, 0.08421222322317576, 0.08815023299450273], "asian": [0.009154480424993984, 0.01162684156877417, 0.02396835005859663, 0.03179706410556727, 0.03276480046555832, 0.036160669287370224, 0.040240861030771416, 0.04830333232977864], "hispanic": [0.0005136744335259454, 0.0008124597312836675, 0.0008276926178347406, 0.0009526803107561682, 0.0010973078324803117, 0.0014755456464722433, 0.0016993030202456024, 0.002512297962052003], "native_hawaiian": [0.09333652886276125, 0.09391656605392087, 0.1252028918533908, 0.12656912687151575, 0.1323787772312017, 0.17417751286409464, 0.25663804655317884, 0.2714086577213029], "two_or_more": [0.001416901225562273, 0.0016725263296778349, 0.0019203090819548212, 0.0019971393859693873, 0.002620466177565799, 0.0031577450097197857, 0.003694571732067952, 0.004700554384321074], "democraticPres": [0.4214460447584012, 0.440841848490451, 0.47022847450863015, 0.517823104404698, 0.6324832744356416, 0.6339773426550678, 0.6760608595604484, 0.7482089030905963], "republicanPres": [0.25179109690940377, 0.3239391404395517, 0.36602265734493217, 0.36751672556435844, 0.48217689559530197, 0.5297715254913699, 0.5591581515095491, 0.5785539552415988], "democraticSen": [0.4086313943228528, 0.4147979025985334, 0.4572481912551117, 0.48590456059004694, 0.6095299745191737, 0.6191241396779052, 0.6510405936913194, 0.7219867153495472], "republicanSen": [0.2780132846504528, 0.34895940630868066, 0.3808758603220948, 0.3904700254808263, 0.5140954394099531, 0.5427518087448884, 0.5852020974014667, 0.5913686056771472]}, "Seat_Vote_Input": {"democraticPres": [159758, 157982, 226835, 289179, 288511, 259697, 233866, 188524], "republicanPres": [202635, 216875, 211220, 97316, 138242, 150902, 135021, 212396], "democraticSen": [150066, 151903, 213781, 279998, 274939, 251411, 227317, 181699], "republicanSen": [211715, 219833, 226184, 107818, 147368, 161056, 139842, 215676]}, "Majority_Minority_Districts": [], "districtPlanId": "TnSW2", "stateId": "41", "proposedBy": "MGGG-generated", "total_pop": 4152516, "white": 3118422, "af_amer": 179444, "asian": 121128, "hispanic": 5127, "native_hawaiian": 662828, "two_or_more": 10969, "democraticPres": 1804352, "democraticSen": 1731114, "republicanPres": 1364607, "republicanSen": 1429492, "polsby_popper": 0.10930059603607648, "efficiency_gap": 0.00207150045172563, "num_majority_minority_districts": 0, "vote_split_democrats_pres": 0.5693831949230015, "vote_split_republicans_pres": 0.43061680507699845, "vote_split_democrats_sen": 0.5477158494288753, "vote_split_republicans_sen": 0.45228415057112464}