{"Box_Whisker_Percents": {"white": [0.3438396184390134, 0.7361519116521485, 0.7572222617390333, 0.7614219477729358, 0.8263193408622771, 0.8506898346882639, 0.8955214258083927, 0.9345678456212815, 0.9429883236255278], "af_amer": [0.026312804400471738, 0.026416460779863406, 0.06406610409891259, 0.0897028279709547, 0.1266176575040841, 0.16728551341047573, 0.19616393920618144, 0.205271768399874, 0.6108643265165922], "asian": [0.0056230250542406756, 0.007124318667724688, 0.011835771286121578, 0.012083599687477804, 0.01232755145935583, 0.013945367078915213, 0.017729084741854653, 0.020921143649691505, 0.02109742318766629], "hispanic": [0.00020886036064422618, 0.0002576180704764324, 0.00028101373904992135, 0.0003054194189928262, 0.00032686047968892367, 0.000331668914239895, 0.0004071534258062504, 0.000599936961847591, 0.001125598300799593], "native_hawaiian": [0.016255097723242018, 0.017520060426849303, 0.018598045817275317, 0.020243321817532894, 0.02366822927764756, 0.024958539591782698, 0.03129880587174605, 0.036851696614061305, 0.037735421672471806], "two_or_more": [0.0006877987738456414, 0.000786585767302288, 0.0010778464379572414, 0.0011210762331838565, 0.0012701832112263873, 0.0013240070397544372, 0.0014813039052394865, 0.0016893246346174873, 0.0031258875412298296], "democraticPres": [0.22319338734757346, 0.2249802357337933, 0.3184618114527618, 0.34791468808509485, 0.3520993183792846, 0.3566749215092919, 0.4474891897305386, 0.4805037043108167, 0.7180181917083818], "republicanPres": [0.2819818082916182, 0.5194962956891833, 0.5525108102694615, 0.6433250784907081, 0.6479006816207153, 0.6520853119149052, 0.6815381885472382, 0.7750197642662067, 0.7768066126524266], "democraticSen": [0.21017484674160697, 0.21128824670087348, 0.29467772210644555, 0.32109829023835595, 0.3351118744455214, 0.335419117691881, 0.4189665134118457, 0.46028392329260903, 0.6966171052961331], "republicanSen": [0.3033828947038669, 0.539716076707391, 0.5810334865881543, 0.6645808823081191, 0.6648881255544786, 0.6789017097616441, 0.7053222778935544, 0.7887117532991266, 0.789825153258393]}, "Seat_Vote_Input": {"democraticPres": [115090, 128217, 68180, 164154, 75129, 208557, 151919, 119398, 113067], "republicanPres": [211778, 240313, 237295, 177475, 258807, 81905, 187573, 215355, 241974], "democraticSen": [106143, 114372, 61562, 151189, 66786, 194577, 136325, 110049, 99688], "republicanSen": [210596, 241818, 229803, 177280, 250978, 84740, 189059, 218045, 238607]}, "Majority_Minority_Districts": [], "districtPlanId": "TnSW1", "stateId": "41", "proposedBy": "MGGG-generated", "total_pop": 5081348, "white": 3981049, "af_amer": 853048, "asian": 69149, "hispanic": 2179, "native_hawaiian": 127976, "two_or_more": 7103, "democraticPres": 1143711, "democraticSen": 1040691, "republicanPres": 1852475, "republicanSen": 1840926, "polsby_popper": 0.16156703088052649, "efficiency_gap": 0.1665006778617883, "num_majority_minority_districts": 1, "vote_split_democrats_pres": 0.38172229627933646, "vote_split_republicans_pres": 0.6182777037206635, "vote_split_democrats_sen": 0.3611482719598059, "vote_split_republicans_sen": 0.6388517280401941}