{"Box_Whisker_Percents": {"white": [0.3438396184390134, 0.7428544077974066, 0.7501285046314842, 0.7506787570261958, 0.8328000767037284, 0.8586512378222979, 0.8898463641315564, 0.9378511470729085, 0.9429883236255278], "af_amer": [0.026312804400471738, 0.02964770088458793, 0.06377529443209538, 0.08317336721911302, 0.11802253527128617, 0.18209903896260426, 0.1873709859890349, 0.21187824795842614, 0.6108643265165922], "asian": [0.0056230250542406756, 0.00623639008610953, 0.012247738838009538, 0.012254329784246657, 0.012671898752076926, 0.013945367078915213, 0.01524508048821125, 0.02054415515361253, 0.023444434775041337], "hispanic": [0.00020886036064422618, 0.0002576180704764324, 0.00030280909508746315, 0.00030894557231279495, 0.0003411461095202743, 0.00036539691239609025, 0.0003672439300321991, 0.0005150307663115665, 0.0011911049980325497], "native_hawaiian": [0.015525015134676027, 0.016255097723242018, 0.017129776929331497, 0.023119812970913728, 0.024958539591782698, 0.025106266623580006, 0.028437018411874442, 0.03655556522495866, 0.039221386006643245], "two_or_more": [0.0006877987738456414, 0.0007336929513070035, 0.001148780375209071, 0.0011993815318927222, 0.0012320147064022343, 0.0012779264786726867, 0.0014813039052394865, 0.001618658080236707, 0.003181597427780397], "democraticPres": [0.22319338734757346, 0.23390406068011235, 0.3272244869271858, 0.34197782734925847, 0.3432098614494472, 0.3777117036584834, 0.4382328798380812, 0.45241378922126024, 0.7180181917083818], "republicanPres": [0.2819818082916182, 0.5475862107787397, 0.5617671201619189, 0.6222882963415166, 0.6567901385505528, 0.6580221726507415, 0.6727755130728141, 0.7660959393198876, 0.7768066126524266], "democraticSen": [0.21128824670087348, 0.21989724054569731, 0.30291096048465754, 0.32044048495754757, 0.3270117192433006, 0.3469234329635188, 0.41756177821929713, 0.42920643106413775, 0.6966171052961331], "republicanSen": [0.3033828947038669, 0.5707935689358622, 0.5824382217807028, 0.6530765670364812, 0.6729882807566994, 0.6795595150424524, 0.6970890395153425, 0.7801027594543026, 0.7887117532991266]}, "Seat_Vote_Input": {"democraticPres": [147883, 111738, 68180, 112289, 122030, 208557, 138593, 160739, 73702], "republicanPres": [189570, 229734, 237295, 214884, 234806, 81905, 228335, 194553, 241393], "democraticSen": [134505, 98450, 61562, 103579, 111827, 194577, 123673, 146480, 66038], "republicanSen": [187615, 226563, 229803, 213165, 237152, 84740, 232812, 194801, 234275]}, "Majority_Minority_Districts": [], "districtPlanId": "TnSW0", "stateId": "41", "proposedBy": "MGGG-generated", "total_pop": 5081348, "white": 3981049, "af_amer": 853048, "asian": 69149, "hispanic": 2179, "native_hawaiian": 127976, "two_or_more": 7103, "democraticPres": 1143711, "democraticSen": 1040691, "republicanPres": 1852475, "republicanSen": 1840926, "polsby_popper": 0.16012226570912558, "efficiency_gap": 0.1665006778617883, "num_majority_minority_districts": 1, "vote_split_democrats_pres": 0.38172229627933646, "vote_split_republicans_pres": 0.6182777037206635, "vote_split_democrats_sen": 0.3611482719598059, "vote_split_republicans_sen": 0.6388517280401941}