{"Box_Whisker_Percents": {"white": [0.6064249983365896, 0.6948263858263727, 0.7392464053072089, 0.7406620589585963, 0.782167329991273, 0.7883240615212005, 0.8082029143995504, 0.843327951966414], "af_amer": [0.013145715487821981, 0.01365016945442321, 0.013921974236126778, 0.0153332914182723, 0.05931374275528214, 0.0691349163164577, 0.08140527739046721, 0.08181559734580185], "asian": [0.009115748902552958, 0.013643352366581502, 0.025522982154942662, 0.029760179514749192, 0.03232534895477577, 0.036451188548201556, 0.037792684623434124, 0.04914667887653553], "hispanic": [0.0004319426473979853, 0.0006691418542494332, 0.0007274087232948436, 0.0010114904565218614, 0.0013891997282088194, 0.0014651219061445574, 0.001563411092978934, 0.002645380135915811], "native_hawaiian": [0.09654210252376424, 0.11007892237150195, 0.1370812446214463, 0.13904194181142435, 0.15431723622084054, 0.17137538306213254, 0.21311903305764654, 0.2574556071044763], "two_or_more": [0.001442414813482865, 0.0014937003568495878, 0.0016480007953228895, 0.002156046935627133, 0.002923324371602663, 0.0033812597158290134, 0.003452954434137709, 0.0046713824281926905], "democraticPres": [0.4486042891305601, 0.46344367706596806, 0.48152346290170434, 0.5266760254663508, 0.5889854325729542, 0.6141466118174304, 0.6613972604257252, 0.7723727845079279], "republicanPres": [0.2276272154920721, 0.33860273957427484, 0.3858533881825696, 0.4110145674270458, 0.47332397453364916, 0.5184765370982957, 0.5365563229340319, 0.5513957108694398], "democraticSen": [0.42236875768554666, 0.45014716941150323, 0.4642184163142247, 0.49492054626446125, 0.5638675718794033, 0.5931759409216283, 0.6452648475120385, 0.7489783578666445], "republicanSen": [0.2510216421333556, 0.3547351524879615, 0.40682405907837166, 0.4361324281205967, 0.5050794537355388, 0.5357815836857753, 0.5498528305884968, 0.5776312423144534]}, "Seat_Vote_Input": {"democraticPres": [163392, 296025, 229231, 251485, 238816, 257083, 187342, 180978], "republicanPres": [200831, 87242, 206010, 175495, 122262, 161519, 201719, 209529], "democraticSen": [153534, 287380, 216210, 242105, 232356, 247960, 177376, 174193], "republicanSen": [209973, 96316, 220648, 187260, 127738, 170061, 204720, 212776]}, "Majority_Minority_Districts": [], "districtPlanId": "TnSW7", "stateId": "41", "proposedBy": "MGGG-generated", "total_pop": 4152516, "white": 3118422, "af_amer": 179444, "asian": 121128, "hispanic": 5127, "native_hawaiian": 662828, "two_or_more": 10969, "democraticPres": 1804352, "democraticSen": 1731114, "republicanPres": 1364607, "republicanSen": 1429492, "polsby_popper": 0.0937111425459427, "efficiency_gap": 0.00029773184190770536, "num_majority_minority_districts": 0, "vote_split_democrats_pres": 0.5693831949230015, "vote_split_republicans_pres": 0.43061680507699845, "vote_split_democrats_sen": 0.5477158494288753, "vote_split_republicans_sen": 0.45228415057112464}