{"Box_Whisker_Percents": {"white": [0.3781995860748595, 0.7066900249090962, 0.714475909273923, 0.7931433829639465, 0.8246530350175335, 0.8558032419551319, 0.8978770196690492, 0.9270845764948639, 0.9472273176238183], "af_amer": [0.02390542140806933, 0.030586530096183947, 0.06330276856499299, 0.08694415052061567, 0.12662016947837068, 0.14275667704063694, 0.21823911300712914, 0.2461987205296828, 0.5784095791048022], "asian": [0.0055548311849294395, 0.00937797818262324, 0.009453203979923027, 0.012179934946270699, 0.013267122981255312, 0.013280543914034772, 0.014707245859596272, 0.019313018503863494, 0.025501402926103017], "hispanic": [0.00023887152811820933, 0.0002536289479935628, 0.000266630877287165, 0.0002715497186779507, 0.0003399948463939073, 0.0003574508949610094, 0.0003810088267044853, 0.0005639997871698916, 0.0011756000020992858], "native_hawaiian": [0.014528294809715774, 0.0178893213438912, 0.018908181544082435, 0.021819106376575463, 0.024291808310946555, 0.02509719252940471, 0.028142589118198873, 0.03630714649340562, 0.0396093996048902], "two_or_more": [0.0006840837118417927, 0.0007437348982899286, 0.001132442901593887, 0.001184754269904049, 0.0013116807587348455, 0.0014011419485142726, 0.0014333603051670328, 0.0017787098806081255, 0.002905761314712669], "democraticPres": [0.2241554175636504, 0.24505444477212796, 0.33522826953441204, 0.35366055247157546, 0.35487578329041264, 0.3599954647339456, 0.3760727650159788, 0.5271780961455373, 0.6794079584798531], "republicanPres": [0.3205920415201469, 0.47282190385446266, 0.6239272349840213, 0.6400045352660544, 0.6451242167095874, 0.6463394475284245, 0.664771730465588, 0.7549455552278721, 0.7758445824363496], "democraticSen": [0.21326924727491203, 0.22833495763406442, 0.3162299727968102, 0.3316739500987753, 0.33749912194704806, 0.33778079727238985, 0.34636117078561723, 0.5035930043922736, 0.6558407450885004], "republicanSen": [0.34415925491149957, 0.4964069956077264, 0.6536388292143828, 0.6622192027276101, 0.662500878052952, 0.6683260499012247, 0.6837700272031898, 0.7716650423659356, 0.786730752725088]}, "Seat_Vote_Input": {"democraticPres": [200549, 123828, 108916, 184244, 68514, 117671, 137684, 116719, 85586], "republicanPres": [94633, 220143, 215985, 165247, 237140, 215052, 228426, 212182, 263667], "democraticSen": [186043, 110507, 100089, 169803, 62120, 105269, 122855, 107392, 76613], "republicanSen": [97628, 216922, 216418, 167380, 229155, 212118, 231847, 210542, 258916]}, "Majority_Minority_Districts": [], "districtPlanId": "TnSW2", "stateId": "41", "proposedBy": "MGGG-generated", "total_pop": 5081348, "white": 3981049, "af_amer": 853048, "asian": 69149, "hispanic": 2179, "native_hawaiian": 127976, "two_or_more": 7103, "democraticPres": 1143711, "democraticSen": 1040691, "republicanPres": 1852475, "republicanSen": 1840926, "polsby_popper": 0.13748535529112493, "efficiency_gap": 0.048280046699370464, "num_majority_minority_districts": 1, "vote_split_democrats_pres": 0.38172229627933646, "vote_split_republicans_pres": 0.6182777037206635, "vote_split_democrats_sen": 0.3611482719598059, "vote_split_republicans_sen": 0.6388517280401941}