{"Box_Whisker_Percents": {"white": [0.6111976312703082, 0.6926452412792851, 0.7056924882629108, 0.7468499606306136, 0.7997267385735678, 0.8076433460379921, 0.8199145376782156, 0.8222059103285673], "af_amer": [0.009496340392497468, 0.01162109771346737, 0.018658939976827747, 0.02110840003344507, 0.04125937864513662, 0.048778300654614075, 0.09269211761798864, 0.10211301455461344], "asian": [0.009096656296657834, 0.015246386756443797, 0.025578784007606957, 0.03088538222394515, 0.03229127222284593, 0.034836534009093055, 0.0363596162350272, 0.048983042994810974], "hispanic": [0.0004997757660061265, 0.0005092129105649189, 0.0009065704868322591, 0.0010378395929040375, 0.0012159176753328551, 0.0013937793427230046, 0.0015746668973870912, 0.0027642726531948987], "native_hawaiian": [0.10318174639268242, 0.12834616298913265, 0.1345628743435477, 0.1355950562105215, 0.13813665987150975, 0.18535458824310938, 0.22134845040879264, 0.2323354674972602], "two_or_more": [0.0013431691489995407, 0.0017779722909856805, 0.002066015874887181, 0.002120721501379609, 0.0027428290712589723, 0.0033261520879663948, 0.0035697363989427794, 0.004170271673299879], "democraticPres": [0.4271160673460294, 0.4377894222299887, 0.4800343828626991, 0.5595342513814577, 0.6161754274392779, 0.6324653792478261, 0.6636014641549861, 0.7351390085426043], "republicanPres": [0.26486099145739567, 0.33639853584501384, 0.36753462075217386, 0.38382457256072205, 0.4404657486185422, 0.5199656171373009, 0.5622105777700113, 0.5728839326539706], "democraticSen": [0.40840352761603255, 0.4131704522636807, 0.4672353507798338, 0.5326713105854509, 0.5936475243231524, 0.605509005332979, 0.6418936641040593, 0.7163510919190996], "republicanSen": [0.28364890808090043, 0.35810633589594065, 0.3944909946670209, 0.4063524756768476, 0.467328689414549, 0.5327646492201662, 0.5868295477363192, 0.5915964723839674]}, "Seat_Vote_Input": {"democraticPres": [185392, 265120, 229653, 146655, 260155, 191551, 273915, 251911], "republicanPres": [238081, 154065, 180783, 196706, 131880, 207485, 98688, 156919], "democraticSen": [173382, 255239, 218318, 139921, 252071, 184807, 266421, 240955], "republicanSen": [251154, 166289, 191537, 198731, 140628, 210726, 105493, 164934]}, "Majority_Minority_Districts": [], "districtPlanId": "CoSW0", "stateId": "5", "proposedBy": "MGGG-generated", "total_pop": 4152516, "white": 3118422, "af_amer": 179444, "asian": 121128, "hispanic": 5127, "native_hawaiian": 662828, "two_or_more": 10969, "democraticPres": 1804352, "democraticSen": 1731114, "republicanPres": 1364607, "republicanSen": 1429492, "polsby_popper": 0.10471771274285875, "efficiency_gap": 0.006669540375877378, "num_majority_minority_districts": 0, "vote_split_democrats_pres": 0.5693831949230015, "vote_split_republicans_pres": 0.43061680507699845, "vote_split_democrats_sen": 0.5477158494288753, "vote_split_republicans_sen": 0.45228415057112464}