{"Box_Whisker_Percents": {"white": [0.61586731791522, 0.6595787154304654, 0.7327460963574729, 0.737594802094249, 0.7916332783407966, 0.798435716849179, 0.8203265031183099, 0.8538907576862459], "af_amer": [0.009758258646781617, 0.011166685377816834, 0.016053892685992614, 0.01675556509206636, 0.01917837930821714, 0.07045440847964757, 0.07802624610133585, 0.1232139662332037], "asian": [0.010538448872056645, 0.012482681121347143, 0.02227336603268128, 0.03216422448459169, 0.03222833768501111, 0.032721203271360785, 0.037404745070311884, 0.05333006902136555], "hispanic": [0.0004974585096375328, 0.0005331953298361992, 0.0007600754183360829, 0.0009665211504829757, 0.0013593832754663685, 0.0013929894301083915, 0.0016403167638113353, 0.0027082146585763697], "native_hawaiian": [0.1023695827746544, 0.13393828417462536, 0.1392757226928169, 0.1396423681856936, 0.14056877995129233, 0.1472066591964143, 0.21573760192662592, 0.2571902155789639], "two_or_more": [0.0013329883245904982, 0.001525744127474426, 0.0018461780186974624, 0.0019878984023258607, 0.0022121751283156518, 0.003660330724415936, 0.003979321839188693, 0.004592105544549451], "democraticPres": [0.44346078932734195, 0.4636410468792614, 0.49082668564593773, 0.5190616101094954, 0.5872173132592564, 0.6191648744653602, 0.6797433916635878, 0.7592067303168077], "republicanPres": [0.24079326968319223, 0.3202566083364122, 0.38083512553463983, 0.41278268674074353, 0.4809383898905046, 0.5091733143540622, 0.5363589531207386, 0.556539210672658], "democraticSen": [0.4175294387735104, 0.44824649825457774, 0.4738484490582458, 0.49049878299018074, 0.567094287463825, 0.5946376574040149, 0.6537788088753708, 0.7425307722757347], "republicanSen": [0.25746922772426534, 0.3462211911246292, 0.40536234259598514, 0.432905712536175, 0.5095012170098192, 0.5261515509417543, 0.5517535017454223, 0.5824705612264895]}, "Seat_Vote_Input": {"democraticPres": [282371, 232265, 256229, 158692, 198614, 229487, 183600, 263094], "republicanPres": [89558, 163270, 157601, 199157, 206038, 212632, 212396, 123955], "democraticSen": [275744, 223193, 246689, 149134, 190570, 218244, 174761, 252779], "republicanSen": [95613, 170380, 168167, 208048, 211605, 226699, 215116, 133864]}, "Majority_Minority_Districts": [], "districtPlanId": "CoSW6", "stateId": "5", "proposedBy": "MGGG-generated", "total_pop": 4152516, "white": 3118422, "af_amer": 179444, "asian": 121128, "hispanic": 5127, "native_hawaiian": 662828, "two_or_more": 10969, "democraticPres": 1804352, "democraticSen": 1731114, "republicanPres": 1364607, "republicanSen": 1429492, "polsby_popper": 0.1028023986073014, "efficiency_gap": 0.004342908822739581, "num_majority_minority_districts": 0, "vote_split_democrats_pres": 0.5693831949230015, "vote_split_republicans_pres": 0.43061680507699845, "vote_split_democrats_sen": 0.5477158494288753, "vote_split_republicans_sen": 0.45228415057112464}