{"Box_Whisker_Percents": {"white": [0.6579443239591851, 0.6629091896389736, 0.7052644352924223, 0.7126608266399246, 0.8082846451035628, 0.8164538127192633, 0.8215024043652231, 0.8289332378736353], "af_amer": [0.00996483111235455, 0.012031034777939471, 0.01696893743477113, 0.018688328137917435, 0.04357865123809018, 0.06385692548397619, 0.07535183462977135, 0.10246460249967299], "asian": [0.011264183501604475, 0.017563975099471246, 0.022266363685885714, 0.028269509355540894, 0.030106922957629, 0.03655124301903675, 0.03977261032197944, 0.047166967767374585], "hispanic": [0.0005257495216618192, 0.0007125402899619839, 0.0007548579388487249, 0.0011127772227582846, 0.0011320832389930635, 0.0012666196424643715, 0.0014255762019768495, 0.002943606591959872], "native_hawaiian": [0.0959723680868085, 0.12295335245465007, 0.12325390463887441, 0.123554486279408, 0.1328831916000248, 0.2098844900853834, 0.2328965127930666, 0.23297079190273576], "two_or_more": [0.0014570772457484702, 0.0016534316290852276, 0.0019999844359187865, 0.0024163498656651983, 0.003266313558518766, 0.003272749727270856, 0.0032928348141927437, 0.0037718011473619854], "democraticPres": [0.42041284615313634, 0.435323798854417, 0.49584580084410573, 0.5807450690920729, 0.5919203162591967, 0.6120049188511317, 0.665868851374896, 0.7406139949463799], "republicanPres": [0.2593860050536201, 0.33413114862510396, 0.3879950811488683, 0.4080796837408032, 0.41925493090792715, 0.5041541991558942, 0.564676201145583, 0.5795871538468637], "democraticSen": [0.4055429749552168, 0.40861931860540246, 0.4834714430148881, 0.55171812583009, 0.5679088045932161, 0.5924407637226851, 0.6466015916628153, 0.7141086218803877], "republicanSen": [0.28589137811961224, 0.35339840833718467, 0.407559236277315, 0.4320911954067839, 0.4482818741699101, 0.5165285569851119, 0.5913806813945975, 0.5944570250447831]}, "Seat_Vote_Input": {"democraticPres": [136680, 225012, 261791, 251329, 297792, 201838, 192737, 237173], "republicanPres": [188429, 162442, 131366, 159336, 104296, 205220, 250007, 163511], "democraticSen": [131546, 215180, 254633, 243082, 287453, 195102, 179982, 224136], "republicanSen": [190382, 174838, 139169, 167224, 115081, 208442, 263823, 170533]}, "Majority_Minority_Districts": [], "districtPlanId": "CoSW8", "stateId": "5", "proposedBy": "MGGG-generated", "total_pop": 4152516, "white": 3118422, "af_amer": 179444, "asian": 121128, "hispanic": 5127, "native_hawaiian": 662828, "two_or_more": 10969, "democraticPres": 1804352, "democraticSen": 1731114, "republicanPres": 1364607, "republicanSen": 1429492, "polsby_popper": 0.12696860417646635, "efficiency_gap": 0.0095225277449156, "num_majority_minority_districts": 0, "vote_split_democrats_pres": 0.5693831949230015, "vote_split_republicans_pres": 0.43061680507699845, "vote_split_democrats_sen": 0.5477158494288753, "vote_split_republicans_sen": 0.45228415057112464}