{"Box_Whisker_Percents": {"white": [0.6779108669946365, 0.6874035347371051, 0.704664946173698, 0.7111191948137273, 0.7678573505861004, 0.8135000947508054, 0.8142199500279437, 0.8292163966275445], "af_amer": [0.011228540114582502, 0.012863369338639378, 0.01734618036416992, 0.01849594043145656, 0.037527352094534776, 0.06030260846636758, 0.07504832779766493, 0.11479342258272227], "asian": [0.009316885053465994, 0.019770703050975932, 0.02606127982747069, 0.030258907833154318, 0.031043872570701108, 0.03279872323508568, 0.040790750867346445, 0.0440236977726838], "hispanic": [0.0005158743291200352, 0.0007758920357755368, 0.0009495161119813941, 0.0009721432632177374, 0.0011158777498415978, 0.0013269077664488486, 0.0020454378012416097, 0.002139912807368872], "native_hawaiian": [0.12246610753786795, 0.12279994261141335, 0.1257273341366697, 0.13929505400795908, 0.14089358307785455, 0.1873564795570389, 0.2063113508176397, 0.23138002253820147], "two_or_more": [0.0013743670805990372, 0.001821132833082695, 0.0018552207693765398, 0.002233570390116211, 0.002557502036907464, 0.0034707228385669952, 0.0037423236235380047, 0.0041277128709416], "democraticPres": [0.4286255013429805, 0.43134489603678494, 0.4762265455414288, 0.5491587827717166, 0.5816407085958863, 0.6562791593979472, 0.6612111336968562, 0.7796434462041187], "republicanPres": [0.22035655379588123, 0.3387888663031437, 0.3437208406020528, 0.41835929140411365, 0.45084121722828346, 0.5237734544585712, 0.5686551039632151, 0.5713744986570195], "democraticSen": [0.40593294398499447, 0.4094415732060305, 0.4629797250691686, 0.5250410760329, 0.5526640186275853, 0.6355234371834866, 0.6428563721893746, 0.7551492381117264], "republicanSen": [0.24485076188827362, 0.35714362781062536, 0.3644765628165134, 0.44733598137241476, 0.4749589239671, 0.5370202749308314, 0.5905584267939695, 0.5940670560150055]}, "Seat_Vote_Input": {"democraticPres": [162102, 244609, 176655, 301577, 227310, 187358, 245915, 258826], "republicanPres": [213704, 175941, 235488, 85237, 186614, 206064, 126001, 135558], "democraticSen": [152358, 234030, 168190, 292242, 214421, 180557, 238330, 250986], "republicanSen": [222970, 189428, 242589, 94757, 193968, 209432, 132406, 143942]}, "Majority_Minority_Districts": [], "districtPlanId": "CoSW5", "stateId": "5", "proposedBy": "MGGG-generated", "total_pop": 4152516, "white": 3118422, "af_amer": 179444, "asian": 121128, "hispanic": 5127, "native_hawaiian": 662828, "two_or_more": 10969, "democraticPres": 1804352, "democraticSen": 1731114, "republicanPres": 1364607, "republicanSen": 1429492, "polsby_popper": 0.12862940661670108, "efficiency_gap": 0.011561052067887278, "num_majority_minority_districts": 0, "vote_split_democrats_pres": 0.5693831949230015, "vote_split_republicans_pres": 0.43061680507699845, "vote_split_democrats_sen": 0.5477158494288753, "vote_split_republicans_sen": 0.45228415057112464}