{"Box_Whisker_Percents": {"white": [0.5598156840661757, 0.6712370837447615, 0.7377910907014149, 0.7532835461150283, 0.7584883014014079, 0.8232988685985374, 0.8525899426579493, 0.8572014240195565], "af_amer": [0.009761280387108584, 0.011591610717139147, 0.015823765489959025, 0.020010962780969855, 0.020568577890635844, 0.03534326003651884, 0.07019394391477657, 0.1582643769982994], "asian": [0.009454426708755452, 0.010702390379587663, 0.02481928032477104, 0.03199643441493323, 0.03221908824603526, 0.03804519917557674, 0.03898936027760455, 0.04577590609840286], "hispanic": [0.0004914464442755443, 0.0006120919625270054, 0.0007701976514836079, 0.001054230288642944, 0.0011994077565527454, 0.0013722913767231393, 0.001651958684195264, 0.0027059682820889377], "native_hawaiian": [0.09020305309642225, 0.09294835736255103, 0.10356189240705295, 0.1392534402511325, 0.1757184438879734, 0.17811300831359825, 0.21721105222097706, 0.27926129516315884], "two_or_more": [0.001311187071974023, 0.0016527724109434959, 0.0018174113841871603, 0.001935430971853304, 0.0024767523462683534, 0.0027607181659426733, 0.004519968494921584, 0.0045785838053723086], "democraticPres": [0.3975887080404036, 0.4434392049011716, 0.4910255891983668, 0.5868035944645773, 0.6100908742204185, 0.6253790512955157, 0.629843420819089, 0.73892130369458], "republicanPres": [0.26107869630542, 0.37015657918091105, 0.37462094870448426, 0.3899091257795815, 0.4131964055354227, 0.5089744108016332, 0.5565607950988284, 0.6024112919595964], "democraticSen": [0.390386087276787, 0.41751979748877116, 0.47458028022859816, 0.5554044659370642, 0.5864090410906224, 0.602193384416247, 0.6047641351280102, 0.720838752318615], "republicanSen": [0.279161247681385, 0.3952358648719898, 0.39780661558375296, 0.4135909589093776, 0.4445955340629359, 0.5254197197714018, 0.5824802025112289, 0.609613912723213]}, "Seat_Vote_Input": {"democraticPres": [158659, 139065, 264389, 278362, 267015, 257667, 244851, 194344], "republicanPres": [199133, 210706, 158377, 98352, 188018, 164675, 143898, 201448], "democraticSen": [149103, 135674, 254947, 270476, 254052, 243979, 236288, 186595], "republicanSen": [208013, 211864, 168417, 104748, 203366, 172077, 154423, 206584]}, "Majority_Minority_Districts": [], "districtPlanId": "CoSW8", "stateId": "5", "proposedBy": "MGGG-generated", "total_pop": 4152516, "white": 3118422, "af_amer": 179444, "asian": 121128, "hispanic": 5127, "native_hawaiian": 662828, "two_or_more": 10969, "democraticPres": 1804352, "democraticSen": 1731114, "republicanPres": 1364607, "republicanSen": 1429492, "polsby_popper": 0.10124154194975006, "efficiency_gap": 0.01305775808396385, "num_majority_minority_districts": 0, "vote_split_democrats_pres": 0.5693831949230015, "vote_split_republicans_pres": 0.43061680507699845, "vote_split_democrats_sen": 0.5477158494288753, "vote_split_republicans_sen": 0.45228415057112464}