{"Box_Whisker_Percents": {"white": [0.6001594880026172, 0.6361619399137477, 0.6993385950390741, 0.7774734543634924, 0.8181722295364181, 0.819525183478244, 0.8222059103285673, 0.8282293091357126], "af_amer": [0.009496340392497468, 0.012182373980799764, 0.015895159425454244, 0.02689916926473151, 0.03454515162903869, 0.06974124093934345, 0.08340825036620934, 0.09521783228604404], "asian": [0.009096656296657834, 0.022132819518920537, 0.024954351795496044, 0.028952845244909795, 0.030767502140668042, 0.03782482483649463, 0.039577561264862546, 0.04116109293003621], "hispanic": [0.0005092129105649189, 0.0007013127817097626, 0.0007854127937528605, 0.0008432718949524154, 0.0010034986846030756, 0.001134757266513042, 0.0014108554077678836, 0.003437807694956455], "native_hawaiian": [0.09157216085425247, 0.09946166805445286, 0.13272534472464406, 0.1345628743435477, 0.1526011246215963, 0.16447680171044501, 0.23203433712850924, 0.27342786746138037], "two_or_more": [0.0013431691489995407, 0.001561842519267147, 0.00195882327458747, 0.0024050657423365157, 0.0028128959267252236, 0.0031897600523447802, 0.00350327010737144, 0.0043721766515715825], "democraticPres": [0.4129402388952841, 0.4622952911897621, 0.4800343828626991, 0.562760918531808, 0.5642048559786557, 0.6255212016633193, 0.675517553879412, 0.7798028258118938], "republicanPres": [0.22019717418810628, 0.3244824461205879, 0.37447879833668074, 0.43579514402134434, 0.43723908146819196, 0.5199656171373009, 0.5377047088102379, 0.5870597611047159], "democraticSen": [0.38423706003900177, 0.44852491089132107, 0.4672353507798338, 0.5337187957622049, 0.5394915461865964, 0.6092340520922894, 0.6534156223499482, 0.7552366420246771], "republicanSen": [0.24476335797532292, 0.34658437765005184, 0.3907659479077106, 0.4605084538134036, 0.466281204237795, 0.5327646492201662, 0.5514750891086789, 0.6157629399609983]}, "Seat_Vote_Input": {"democraticPres": [286233, 295826, 221128, 159380, 244668, 191551, 177210, 228356], "republicanPres": [137491, 83534, 132382, 185378, 188983, 207485, 251932, 177422], "democraticSen": [277388, 287073, 214702, 153143, 232893, 184807, 165313, 215795], "republicanSen": [147132, 93037, 137711, 188294, 203466, 210726, 264924, 184202]}, "Majority_Minority_Districts": [], "districtPlanId": "CoSW1", "stateId": "5", "proposedBy": "MGGG-generated", "total_pop": 4152516, "white": 3118422, "af_amer": 179444, "asian": 121128, "hispanic": 5127, "native_hawaiian": 662828, "two_or_more": 10969, "democraticPres": 1804352, "democraticSen": 1731114, "republicanPres": 1364607, "republicanSen": 1429492, "polsby_popper": 0.11759687539176393, "efficiency_gap": 0.008899294689517914, "num_majority_minority_districts": 0, "vote_split_democrats_pres": 0.5693831949230015, "vote_split_republicans_pres": 0.43061680507699845, "vote_split_democrats_sen": 0.5477158494288753, "vote_split_republicans_sen": 0.45228415057112464}