{"Box_Whisker_Percents": {"white": [0.5609651994383704, 0.6873095010647595, 0.7101590001110818, 0.737594802094249, 0.8089319085725238, 0.8145234719869069, 0.8396886048750002, 0.8470738279489466], "af_amer": [0.00912736454099888, 0.011514820248746201, 0.01286646765710422, 0.022023759928228043, 0.028204513872250706, 0.07045440847964757, 0.07094867640355615, 0.12098791183110941], "asian": [0.01048528183534867, 0.015402680597350405, 0.023234851318048005, 0.03222833768501111, 0.035956011629109545, 0.03639031999047213, 0.03975657674062006, 0.03976793187827239], "hispanic": [0.0005690136389675971, 0.0006865932127000566, 0.0007741395141554196, 0.000954525851741818, 0.0011316096954148492, 0.0012104079764353485, 0.0018617981803047245, 0.0027082146585763697], "native_hawaiian": [0.10481286499237652, 0.11037040586515885, 0.11702585250780706, 0.12309970840104653, 0.1392757226928169, 0.16745381489184852, 0.25591624538103663, 0.26013994387566897], "two_or_more": [0.0012228971088320561, 0.0017250056667780813, 0.0018931210144183352, 0.0019063509872174755, 0.0025856533614452056, 0.0026065905948235908, 0.004592105544549451, 0.004623594236150945], "democraticPres": [0.40988552985654586, 0.44346078932734195, 0.492110000712249, 0.5105491297024144, 0.6091758957893681, 0.6199639808656887, 0.7297869484235078, 0.7342961967491224], "republicanPres": [0.2657038032508776, 0.27021305157649217, 0.3800360191343113, 0.39082410421063185, 0.4894508702975856, 0.507889999287751, 0.556539210672658, 0.5901144701434541], "democraticSen": [0.40093744868108655, 0.4175294387735104, 0.4755873370430038, 0.4800073281514961, 0.585988669681459, 0.5940365152940377, 0.7085594138260592, 0.7157157550992879], "republicanSen": [0.28428424490071214, 0.29144058617394075, 0.40596348470596233, 0.414011330318541, 0.5199926718485038, 0.5244126629569962, 0.5824705612264895, 0.5990625513189135]}, "Seat_Vote_Input": {"democraticPres": [260947, 249117, 200368, 158692, 148206, 287405, 227322, 272295], "republicanPres": [96619, 159824, 206793, 199157, 213373, 103997, 217928, 166916], "democraticSen": [254676, 235837, 192474, 149134, 144046, 278021, 214846, 262080], "republicanSen": [101158, 166623, 212234, 208048, 215227, 114354, 232743, 179105]}, "Majority_Minority_Districts": [], "districtPlanId": "CoSW3", "stateId": "5", "proposedBy": "MGGG-generated", "total_pop": 4152516, "white": 3118422, "af_amer": 179444, "asian": 121128, "hispanic": 5127, "native_hawaiian": 662828, "two_or_more": 10969, "democraticPres": 1804352, "democraticSen": 1731114, "republicanPres": 1364607, "republicanSen": 1429492, "polsby_popper": 0.09494292640320658, "efficiency_gap": 0.005726012864161386, "num_majority_minority_districts": 0, "vote_split_democrats_pres": 0.5693831949230015, "vote_split_republicans_pres": 0.43061680507699845, "vote_split_democrats_sen": 0.5477158494288753, "vote_split_republicans_sen": 0.45228415057112464}