{"Box_Whisker_Percents": {"white": [0.6631712013585123, 0.7002830597352966, 0.7172651530061489, 0.731665808702066, 0.7402370990237099, 0.8094773856886855, 0.8211818523987376, 0.8222059103285673], "af_amer": [0.009496340392497468, 0.01185326732099945, 0.0180311280488411, 0.01912608337935465, 0.04288321863258416, 0.06479681605495072, 0.07390890689793722, 0.10655982529814241], "asian": [0.009096656296657834, 0.017850352741345533, 0.024012849532432493, 0.027788214759283447, 0.03068311909829201, 0.03430372566035893, 0.04479899989516306, 0.04488131969767036], "hispanic": [0.0005092129105649189, 0.0006142436913228217, 0.0007334703764826235, 0.0009039713419325997, 0.0010898476499683716, 0.0012451765990190208, 0.001385633544657359, 0.0034036864305855416], "native_hawaiian": [0.12487367618274783, 0.13282246754505517, 0.1345628743435477, 0.13465358001100206, 0.15190967553571566, 0.17509012201720892, 0.20224359217339227, 0.22209896644063146], "two_or_more": [0.0013431691489995407, 0.001731544931702381, 0.0018549079784205295, 0.002455096344216905, 0.002918678786132864, 0.002976122428759784, 0.0038710545211424457, 0.003979931311610182], "democraticPres": [0.41217682213017537, 0.44933245672166444, 0.4800343828626991, 0.5417552180040714, 0.5782268894207182, 0.6628728512700853, 0.6679416186684737, 0.7660873979771157], "republicanPres": [0.23391260202288436, 0.3320583813315263, 0.3371271487299147, 0.42177311057928185, 0.4582447819959285, 0.5199656171373009, 0.5506675432783356, 0.5878231778698246], "democraticSen": [0.3895997493296623, 0.4273467458107895, 0.4672353507798338, 0.5179695856626774, 0.5487045007814413, 0.6426434559319526, 0.6489775416055307, 0.741264797054112], "republicanSen": [0.25873520294588803, 0.3510224583944693, 0.3573565440680474, 0.4512954992185587, 0.48203041433732263, 0.5327646492201662, 0.5726532541892105, 0.6104002506703377]}, "Seat_Vote_Input": {"democraticPres": [160906, 264766, 294258, 251032, 252343, 191551, 217953, 171543], "republicanPres": [229475, 134656, 89847, 183109, 125449, 207485, 184356, 210230], "democraticSen": [151693, 256274, 285043, 239791, 245479, 184807, 205319, 162708], "republicanSen": [237663, 142507, 99493, 197222, 132776, 210726, 191073, 218032]}, "Majority_Minority_Districts": [], "districtPlanId": "CoSW2", "stateId": "5", "proposedBy": "MGGG-generated", "total_pop": 4152516, "white": 3118422, "af_amer": 179444, "asian": 121128, "hispanic": 5127, "native_hawaiian": 662828, "two_or_more": 10969, "democraticPres": 1804352, "democraticSen": 1731114, "republicanPres": 1364607, "republicanSen": 1429492, "polsby_popper": 0.13931809218800212, "efficiency_gap": 0.008348325112442288, "num_majority_minority_districts": 0, "vote_split_democrats_pres": 0.5693831949230015, "vote_split_republicans_pres": 0.43061680507699845, "vote_split_democrats_sen": 0.5477158494288753, "vote_split_republicans_sen": 0.45228415057112464}