{"Box_Whisker_Percents": {"white": [0.5860313085897672, 0.6933027598906927, 0.7223698363324516, 0.7321500349853359, 0.7604348248083083, 0.8222059103285673, 0.8324509229276167, 0.8509601621238831], "af_amer": [0.009496340392497468, 0.011138483328059787, 0.017702952166857723, 0.01810302581891209, 0.036227797319689524, 0.06315053867805494, 0.08931283050320629, 0.10512348332196358], "asian": [0.009096656296657834, 0.020454082967528125, 0.025650152932845154, 0.031274386101135594, 0.031791993568653136, 0.03356939012789346, 0.03621255946830436, 0.04587396538602586], "hispanic": [0.0005092129105649189, 0.0006072777238615945, 0.0007571305880757583, 0.0009404685386656782, 0.0014757112444358429, 0.0014769323363050162, 0.0018547050786360069, 0.0022731243327186257], "native_hawaiian": [0.09869442058792509, 0.10400784080099162, 0.12553625157721052, 0.1345628743435477, 0.14071735864383253, 0.20239348043063268, 0.20314011999225856, 0.27052609280124174], "two_or_more": [0.0013431691489995407, 0.0016636643789730687, 0.0018702255571125073, 0.0021773596871366664, 0.002624107289940599, 0.0035863988927313808, 0.003716088465475222, 0.0042706007958846935], "democraticPres": [0.4070247828634013, 0.4345334348589986, 0.4800343828626991, 0.5827482072234637, 0.591430897618563, 0.6177060082904386, 0.6701442630610636, 0.7610669486581096], "republicanPres": [0.2389330513418903, 0.32985573693893644, 0.38229399170956135, 0.408569102381437, 0.41725179277653635, 0.5199656171373009, 0.5654665651410014, 0.5929752171365986], "democraticSen": [0.3888438699056476, 0.40867864129468257, 0.4672353507798338, 0.5516907898856418, 0.5760191608660898, 0.5931108818431299, 0.6497495379826865, 0.7364736864018653], "republicanSen": [0.2635263135981347, 0.35025046201731347, 0.40688911815687007, 0.42398083913391016, 0.4483092101143582, 0.5327646492201662, 0.5913213587053174, 0.6111561300943524]}, "Seat_Vote_Input": {"democraticPres": [159802, 292201, 275373, 249316, 203399, 191551, 161500, 271210], "republicanPres": [232808, 91735, 135543, 178512, 140511, 207485, 210163, 167850], "democraticSen": [152113, 283018, 267203, 237883, 197449, 184807, 151668, 256973], "republicanSen": [239080, 101270, 144037, 193306, 145333, 210726, 219450, 176290]}, "Majority_Minority_Districts": [], "districtPlanId": "CoSW7", "stateId": "5", "proposedBy": "MGGG-generated", "total_pop": 4152516, "white": 3118422, "af_amer": 179444, "asian": 121128, "hispanic": 5127, "native_hawaiian": 662828, "two_or_more": 10969, "democraticPres": 1804352, "democraticSen": 1731114, "republicanPres": 1364607, "republicanSen": 1429492, "polsby_popper": 0.12154030194920078, "efficiency_gap": 0.005861388550624984, "num_majority_minority_districts": 0, "vote_split_democrats_pres": 0.5693831949230015, "vote_split_republicans_pres": 0.43061680507699845, "vote_split_democrats_sen": 0.5477158494288753, "vote_split_republicans_sen": 0.45228415057112464}