{"Box_Whisker_Percents": {"white": [0.5691077802109766, 0.6720111104430018, 0.7250267593400483, 0.737594802094249, 0.7680366143460426, 0.8280690943043885, 0.8541648578195703, 0.8560400126363659], "af_amer": [0.009702383316970374, 0.011042885324815094, 0.01641893835046241, 0.019829270043118914, 0.03580578898225957, 0.03697636274783304, 0.07045440847964757, 0.14330197466995936], "asian": [0.009432626452087185, 0.01042500184437975, 0.0237374583796903, 0.03206570234117021, 0.03222833768501111, 0.035000454084489985, 0.04273576097105509, 0.046915180452449017], "hispanic": [0.00046724286981705647, 0.0007814219456396857, 0.0008289954514068192, 0.0010644257703081232, 0.0011087229630526586, 0.001369408652102314, 0.001547464067279732, 0.0027082146585763697], "native_hawaiian": [0.08144164332399627, 0.09759091854433409, 0.10086581806281485, 0.1392757226928169, 0.16665846791893077, 0.1914702501429473, 0.22228310467772502, 0.27818974262488094], "two_or_more": [0.001437670368667866, 0.0015890932072827719, 0.001840749023859909, 0.0018503942966988057, 0.002065359477124183, 0.002777827240513542, 0.004592105544549451, 0.004956041817429472], "democraticPres": [0.39881550979361413, 0.44346078932734195, 0.48988053677152776, 0.5177502306395343, 0.6077425057722219, 0.6761474818494828, 0.6962333817692858, 0.717608932811397], "republicanPres": [0.28239106718860296, 0.30376661823071416, 0.3238525181505172, 0.39225749422777817, 0.4822497693604657, 0.5101194632284722, 0.556539210672658, 0.6011844902063859], "democraticSen": [0.39162961130701396, 0.4175294387735104, 0.4731200392766549, 0.48530695926193096, 0.5829396190462195, 0.6529498635225869, 0.6788850436065904, 0.6944986697417515], "republicanSen": [0.30550133025824855, 0.3211149563934096, 0.3470501364774132, 0.4170603809537805, 0.514693040738069, 0.5268799607233451, 0.5824705612264895, 0.608370388692986]}, "Seat_Vote_Input": {"democraticPres": [244127, 139595, 204870, 158692, 251637, 256821, 280230, 268380], "republicanPres": [227388, 210429, 213334, 199157, 162415, 112051, 134221, 105612], "democraticSen": [230085, 136161, 196588, 149134, 238009, 249328, 271031, 260778], "republicanSen": [244017, 211517, 218926, 208048, 170282, 117933, 144056, 114713]}, "Majority_Minority_Districts": [], "districtPlanId": "CoSW2", "stateId": "5", "proposedBy": "MGGG-generated", "total_pop": 4152516, "white": 3118422, "af_amer": 179444, "asian": 121128, "hispanic": 5127, "native_hawaiian": 662828, "two_or_more": 10969, "democraticPres": 1804352, "democraticSen": 1731114, "republicanPres": 1364607, "republicanSen": 1429492, "polsby_popper": 0.11746100891442207, "efficiency_gap": 0.005887580117003723, "num_majority_minority_districts": 0, "vote_split_democrats_pres": 0.5693831949230015, "vote_split_republicans_pres": 0.43061680507699845, "vote_split_democrats_sen": 0.5477158494288753, "vote_split_republicans_sen": 0.45228415057112464}