{"Box_Whisker_Percents": {"white": [0.5712062972647137, 0.6751599712241112, 0.7456879202685287, 0.7609803586943031, 0.7627264394503499, 0.7695594688332343, 0.8555299036330014, 0.8694615112394258], "af_amer": [0.009655843086806871, 0.010824557790622582, 0.017927836434361046, 0.019764492067699063, 0.02652778639692193, 0.06737959225875063, 0.07795829742158536, 0.11572124191704895], "asian": [0.009204498125780924, 0.010297141150661016, 0.025511887219864082, 0.03145227738708874, 0.03150375356801288, 0.03323003289065409, 0.04390627691055128, 0.04901782590766332], "hispanic": [0.0005149527736619842, 0.0005898124396441931, 0.000812569815067643, 0.0008699484545959721, 0.0012117161222738831, 0.0013365643103252433, 0.0018847171554275156, 0.002586693942963491], "native_hawaiian": [0.08138212048568555, 0.09680439188462898, 0.10127532170190935, 0.134624403177147, 0.1647558024078441, 0.16783681759825245, 0.2515324335749738, 0.27584529173450456], "two_or_more": [0.001416598708215124, 0.0015874951765338621, 0.0017776683957441974, 0.002351160250637132, 0.002449345289810103, 0.002695091181638201, 0.004280245502512956, 0.004505020143348264], "democraticPres": [0.3932620847581657, 0.4363603945650293, 0.48828643242747766, 0.5821552200599238, 0.6238003791636789, 0.6256127789812301, 0.6813530800505938, 0.7047004833932574], "republicanPres": [0.29529951660674253, 0.3186469199494062, 0.37438722101876987, 0.37619962083632114, 0.41784477994007624, 0.5117135675725223, 0.5636396054349707, 0.6067379152418343], "democraticSen": [0.3859069986224507, 0.41084300004202917, 0.47145912276400465, 0.5563787020491042, 0.5939156068229113, 0.5988893316067337, 0.6653734346426844, 0.6808552970647106], "republicanSen": [0.3191447029352894, 0.33462656535731555, 0.40111066839326626, 0.4060843931770887, 0.4436212979508958, 0.5285408772359954, 0.5891569999579709, 0.6140930013775493]}, "Seat_Vote_Input": {"democraticPres": [260213, 202425, 254019, 166420, 141338, 293605, 240153, 246179], "republicanPres": [155720, 212137, 153193, 214962, 218061, 123033, 172371, 115130], "democraticSen": [248015, 194219, 240490, 156403, 137829, 284029, 230713, 239416], "republicanSen": [169578, 217734, 161070, 224285, 219327, 133136, 183956, 120406]}, "Majority_Minority_Districts": [], "districtPlanId": "CoSW0", "stateId": "5", "proposedBy": "MGGG-generated", "total_pop": 4152516, "white": 3118422, "af_amer": 179444, "asian": 121128, "hispanic": 5127, "native_hawaiian": 662828, "two_or_more": 10969, "democraticPres": 1804352, "democraticSen": 1731114, "republicanPres": 1364607, "republicanSen": 1429492, "polsby_popper": 0.10490682727274396, "efficiency_gap": 0.003347629300347527, "num_majority_minority_districts": 0, "vote_split_democrats_pres": 0.5693831949230015, "vote_split_republicans_pres": 0.43061680507699845, "vote_split_democrats_sen": 0.5477158494288753, "vote_split_republicans_sen": 0.45228415057112464}