{"Box_Whisker_Percents": {"white": [0.5544712007746808, 0.6741907483296804, 0.7059458325786248, 0.7387925060221568, 0.784665837828313, 0.840746250272406, 0.8534729515655415, 0.8551806966243571], "af_amer": [0.00973812998070351, 0.011463166078537205, 0.020495810253956668, 0.02086714765396325, 0.025912204735600384, 0.06563009428296329, 0.0701083104782584, 0.1225788798565521], "asian": [0.010462943661513924, 0.010472946778594946, 0.023329676603489027, 0.032444063144792874, 0.03684948091937806, 0.03779111315601413, 0.04083957392554759, 0.041587629452061285], "hispanic": [0.0004723719766759165, 0.0006891758279409893, 0.0008105859406206827, 0.0008754891463980823, 0.0010867803655013966, 0.0013615965475963093, 0.0018920686423097599, 0.0027190504329866953], "native_hawaiian": [0.08026643674022418, 0.09869078679446386, 0.10159248641691512, 0.13828678227375438, 0.14347583479358988, 0.17549024280961323, 0.2637116759070771, 0.27429551561959264], "two_or_more": [0.001405641307112545, 0.001607532213971306, 0.0016191716184863585, 0.0019516217182213766, 0.0022266228290427417, 0.003226021716540988, 0.004506034243531551, 0.004635146622585984], "democraticPres": [0.40708637010744486, 0.4450302647745077, 0.4881875270942164, 0.5072766374593524, 0.6069739186392167, 0.6722872968963095, 0.6995950526222046, 0.7293806802629889], "republicanPres": [0.27061931973701114, 0.3004049473777955, 0.32771270310369044, 0.3930260813607834, 0.4927233625406477, 0.5118124729057836, 0.5549697352254923, 0.5929136298925551], "democraticSen": [0.39874812757071093, 0.41900971093044265, 0.4715042452933677, 0.47517483943098593, 0.583108132805361, 0.6468195513893539, 0.6758199847444699, 0.715148589327615], "republicanSen": [0.28485141067238495, 0.32418001525553014, 0.3531804486106461, 0.41689186719463905, 0.5248251605690141, 0.5284957547066323, 0.5809902890695574, 0.6012518724292891]}, "Seat_Vote_Input": {"democraticPres": [261146, 148407, 280487, 157927, 201578, 267090, 252784, 234933], "republicanPres": [96892, 216152, 136726, 196941, 211333, 114688, 163682, 228193], "democraticSen": [254796, 144545, 270487, 148430, 193420, 258712, 239293, 221431], "republicanSen": [101488, 217952, 147693, 205810, 216799, 124100, 171082, 244568]}, "Majority_Minority_Districts": [], "districtPlanId": "CoSW4", "stateId": "5", "proposedBy": "MGGG-generated", "total_pop": 4152516, "white": 3118422, "af_amer": 179444, "asian": 121128, "hispanic": 5127, "native_hawaiian": 662828, "two_or_more": 10969, "democraticPres": 1804352, "democraticSen": 1731114, "republicanPres": 1364607, "republicanSen": 1429492, "polsby_popper": 0.10353037434964604, "efficiency_gap": 0.003911852441132877, "num_majority_minority_districts": 0, "vote_split_democrats_pres": 0.5693831949230015, "vote_split_republicans_pres": 0.43061680507699845, "vote_split_democrats_sen": 0.5477158494288753, "vote_split_republicans_sen": 0.45228415057112464}