{"Box_Whisker_Percents": {"white": [0.5359497880891065, 0.6911913509664962, 0.7234226329211111, 0.7282895740427799, 0.7772622399499453, 0.8351551401869158, 0.8509705909987786, 0.8590429097260258], "af_amer": [0.009883830046383718, 0.010564690406840176, 0.021185280775848584, 0.025321794581584817, 0.02971588785046729, 0.044663994817431336, 0.06567417336837941, 0.14004981157060425], "asian": [0.011316324693679788, 0.013049778763202138, 0.019368599079206992, 0.028713231981761417, 0.03746862426179104, 0.040334284141520294, 0.04140373831775701, 0.042012748318473334], "hispanic": [0.0005515487412049042, 0.0006608790865008604, 0.0007403927464060885, 0.000983177570093458, 0.0010480041365456278, 0.0014878102103635946, 0.0018323267084714315, 0.0026069107617820225], "native_hawaiian": [0.08209345794392524, 0.0960403396620998, 0.10566569576247299, 0.1466291256061317, 0.16026723283571565, 0.174351039782554, 0.2521190170778943, 0.2644382340373933], "two_or_more": [0.0012984376615865453, 0.0016104481819035985, 0.0018887846081651807, 0.002041144046727688, 0.002218691588785047, 0.003399574855032698, 0.004371618948382775, 0.004384496052413782], "democraticPres": [0.38294309737756993, 0.4582512805959967, 0.4931744291275431, 0.5078201607637021, 0.5745300038087766, 0.7055399271744154, 0.7076777770709053, 0.7317634444783465], "republicanPres": [0.2682365555216535, 0.2923222229290947, 0.2944600728255846, 0.4254699961912234, 0.492179839236298, 0.5068255708724568, 0.5417487194040033, 0.6170569026224301], "democraticSen": [0.3714305648582273, 0.43580583551935204, 0.4750980156343957, 0.4755556871111036, 0.5506691143829535, 0.6815195186717129, 0.6830262550130872, 0.7183631687154298], "republicanSen": [0.2816368312845702, 0.31697374498691283, 0.3184804813282871, 0.4493308856170465, 0.5244443128888964, 0.5249019843656043, 0.564194164480648, 0.6285694351417728]}, "Seat_Vote_Input": {"democraticPres": [264097, 159866, 289218, 251909, 205996, 256617, 137907, 238742], "republicanPres": [110222, 188995, 119468, 186552, 211698, 94066, 222217, 231389], "democraticSen": [255884, 151514, 279480, 238171, 197522, 250527, 133091, 224925], "republicanSen": [119577, 196150, 129699, 194341, 218228, 98220, 225229, 248048]}, "Majority_Minority_Districts": [], "districtPlanId": "CoSW9", "stateId": "5", "proposedBy": "MGGG-generated", "total_pop": 4152516, "white": 3118422, "af_amer": 179444, "asian": 121128, "hispanic": 5127, "native_hawaiian": 662828, "two_or_more": 10969, "democraticPres": 1804352, "democraticSen": 1731114, "republicanPres": 1364607, "republicanSen": 1429492, "polsby_popper": 0.10509198387935105, "efficiency_gap": 0.005697612370497694, "num_majority_minority_districts": 0, "vote_split_democrats_pres": 0.5693831949230015, "vote_split_republicans_pres": 0.43061680507699845, "vote_split_democrats_sen": 0.5477158494288753, "vote_split_republicans_sen": 0.45228415057112464}