{"Box_Whisker_Percents": {"white": [0.6216400262025218, 0.6851563401407638, 0.7037438500891859, 0.7836411251212415, 0.7878956406353667, 0.7934613219167158, 0.8157980894028507, 0.8222059103285673], "af_amer": [0.009496340392497468, 0.01288152504784288, 0.016063692776021543, 0.02216709485387511, 0.057437439379243456, 0.06728149440382618, 0.07374640548032406, 0.08526018230068075], "asian": [0.009096656296657834, 0.02242866441386138, 0.023940693029163487, 0.02497206813415136, 0.030884361706279513, 0.03524202173921089, 0.03639283104495981, 0.05022114451988361], "hispanic": [0.0005092129105649189, 0.0007442021460713049, 0.0009386098427194318, 0.0009860895119831313, 0.001224054316197866, 0.0013452848413970236, 0.0016775202676346196, 0.0024638845874904443], "native_hawaiian": [0.09648108632395733, 0.1345628743435477, 0.13458562803768187, 0.14272373181965792, 0.15025953245131327, 0.17786238990808045, 0.18340749162044023, 0.25289319511626446], "two_or_more": [0.0013431691489995407, 0.001799164812863443, 0.0019741278174682055, 0.0026594364838560293, 0.0029089240311913635, 0.002921435499515034, 0.003251798007768932, 0.004277005703981026], "democraticPres": [0.4396446962769273, 0.44013994417181973, 0.4800343828626991, 0.5552820404178104, 0.5837564102893, 0.5956765412329864, 0.682385055531808, 0.7773175068226069], "republicanPres": [0.22268249317739305, 0.317614944468192, 0.4043234587670136, 0.4162435897107, 0.4447179595821896, 0.5199656171373009, 0.5598600558281803, 0.5603553037230726], "democraticSen": [0.415961106847219, 0.42126509072507773, 0.4672353507798338, 0.5224782097232445, 0.5677067898769015, 0.5715671448753408, 0.6601275881253726, 0.7549539808539255], "republicanSen": [0.24504601914607452, 0.3398724118746273, 0.42843285512465923, 0.43229321012309857, 0.47752179027675545, 0.5327646492201662, 0.5787349092749223, 0.584038893152781]}, "Seat_Vote_Input": {"democraticPres": [181251, 294231, 227550, 272982, 241139, 191551, 153104, 242544], "republicanPres": [231016, 84290, 162253, 127059, 193125, 207485, 194749, 164630], "democraticSen": [171804, 286271, 220306, 264593, 227847, 184807, 145684, 229802], "republicanSen": [241225, 92919, 167757, 136228, 208242, 210726, 200141, 172254]}, "Majority_Minority_Districts": [], "districtPlanId": "CoSW6", "stateId": "5", "proposedBy": "MGGG-generated", "total_pop": 4152516, "white": 3118422, "af_amer": 179444, "asian": 121128, "hispanic": 5127, "native_hawaiian": 662828, "two_or_more": 10969, "democraticPres": 1804352, "democraticSen": 1731114, "republicanPres": 1364607, "republicanSen": 1429492, "polsby_popper": 0.10848252951771231, "efficiency_gap": 0.004550863548565948, "num_majority_minority_districts": 0, "vote_split_democrats_pres": 0.5693831949230015, "vote_split_republicans_pres": 0.43061680507699845, "vote_split_democrats_sen": 0.5477158494288753, "vote_split_republicans_sen": 0.45228415057112464}