{"Box_Whisker_Percents": {"white": [0.6128684159852357, 0.6745214178972508, 0.6945496625025568, 0.7791103762551922, 0.7899180054963969, 0.8079634801615009, 0.8222059103285673, 0.8289516479813159], "af_amer": [0.009496340392497468, 0.012490133875717192, 0.01625196596362463, 0.017733775877675936, 0.05306976210495823, 0.06164483387842431, 0.07027906098846731, 0.10229278566071469], "asian": [0.009096656296657834, 0.01816125800673932, 0.018651633426805262, 0.03333581513454628, 0.03583498003790781, 0.036298709841013216, 0.03668779073813864, 0.04525533897470474], "hispanic": [0.0005092129105649189, 0.0007798080653314576, 0.0007803363310077832, 0.0009223414974128984, 0.0009752284387237788, 0.0014146563738658441, 0.0021876487196705926, 0.002275584782536879], "native_hawaiian": [0.10455004599141117, 0.10710409066150452, 0.1345628743435477, 0.14306520405148446, 0.1467225494065147, 0.15531314271887728, 0.22260699232208755, 0.2633072073119813], "two_or_more": [0.0013431691489995407, 0.0018707689505479495, 0.002046618542565633, 0.0020729571183936736, 0.003027593425470297, 0.0031244062969672, 0.003602245437534564, 0.004003163665265559], "democraticPres": [0.4180041775243746, 0.4524770431102082, 0.4800343828626991, 0.5244428268122535, 0.5743893323908751, 0.6217342327418265, 0.7260546209173807, 0.7608123827062172], "republicanPres": [0.23918761729378277, 0.2739453790826193, 0.3782657672581735, 0.42561066760912497, 0.47555717318774643, 0.5199656171373009, 0.5475229568897918, 0.5819958224756254], "democraticSen": [0.38870628793242684, 0.43991754948254347, 0.4672353507798338, 0.5005844125485063, 0.5447687393132495, 0.6061587254365507, 0.7023542943224151, 0.7359148214321563], "republicanSen": [0.26408517856784375, 0.29764570567758486, 0.39384127456344925, 0.45523126068675046, 0.4994155874514938, 0.5327646492201662, 0.5600824505174565, 0.6112937120675732]}, "Seat_Vote_Input": {"democraticPres": [184311, 302833, 240533, 149450, 284967, 191551, 216136, 234571], "republicanPres": [256620, 95206, 178230, 180843, 107520, 207485, 195989, 142714], "democraticSen": [171835, 293265, 229711, 143846, 276014, 184807, 203433, 228203], "republicanSen": [270234, 105239, 191956, 183138, 116970, 210726, 202958, 148271]}, "Majority_Minority_Districts": [], "districtPlanId": "CoSW4", "stateId": "5", "proposedBy": "MGGG-generated", "total_pop": 4152516, "white": 3118422, "af_amer": 179444, "asian": 121128, "hispanic": 5127, "native_hawaiian": 662828, "two_or_more": 10969, "democraticPres": 1804352, "democraticSen": 1731114, "republicanPres": 1364607, "republicanSen": 1429492, "polsby_popper": 0.12219218209874999, "efficiency_gap": 0.008054853344584136, "num_majority_minority_districts": 0, "vote_split_democrats_pres": 0.5693831949230015, "vote_split_republicans_pres": 0.43061680507699845, "vote_split_democrats_sen": 0.5477158494288753, "vote_split_republicans_sen": 0.45228415057112464}