{"Box_Whisker_Percents": {"white": [0.6153734998256339, 0.6974760941072292, 0.6984507740432006, 0.7110328331073585, 0.7363186999121721, 0.8393218208645281, 0.8510650478804002, 0.8564079231547628], "af_amer": [0.009781229705033907, 0.011139015369818364, 0.020229877973622582, 0.02571764265026192, 0.057498181459049114, 0.07060659941669747, 0.07097028244315187, 0.08120834722160675], "asian": [0.010451435562066727, 0.023629010660413893, 0.025304667432549513, 0.027001772009093653, 0.032355489831327376, 0.03543502711697276, 0.03935226749314951, 0.04064736432756901], "hispanic": [0.0005248372626904895, 0.0007472574879822507, 0.0007614300381287523, 0.0008724130124206631, 0.0011715405758572523, 0.0012079290284717989, 0.001903576527437127, 0.0027248169599805956], "native_hawaiian": [0.08440156761103261, 0.09952596686348075, 0.09994940417755357, 0.1401295314997056, 0.1751649070701886, 0.2009245595142454, 0.21823577899667201, 0.25881897334029513], "two_or_more": [0.001487668212230596, 0.0017136946722797483, 0.0021078435199425416, 0.002195550351288056, 0.0026627617891783993, 0.002932769635549008, 0.0034719077959936267, 0.004620256754827112], "democraticPres": [0.446298674720901, 0.4645711698400972, 0.490137767797536, 0.5288993439475336, 0.591738684700402, 0.5927462285078179, 0.70918497735293, 0.7315753496951634], "republicanPres": [0.2684246503048367, 0.29081502264707004, 0.4072537714921821, 0.408261315299598, 0.4711006560524665, 0.5098622322024641, 0.5354288301599027, 0.553701325279099], "democraticSen": [0.4204633532290459, 0.4486863366041867, 0.47987790809192477, 0.4953276787168393, 0.5659738586198025, 0.5747727162234431, 0.6857235080790628, 0.7122035225834956], "republicanSen": [0.2877964774165043, 0.3142764919209372, 0.42522728377655694, 0.43402614138019746, 0.5046723212831608, 0.5201220919080752, 0.5513136633958132, 0.5795366467709542]}, "Seat_Vote_Input": {"democraticPres": [260851, 177672, 263203, 158108, 194948, 238550, 291107, 219913], "republicanPres": [106967, 184822, 181593, 196157, 224682, 212481, 106811, 151094], "democraticSen": [252805, 172626, 248591, 148638, 186881, 225066, 283702, 212805], "republicanSen": [115864, 187103, 190636, 204872, 229626, 229312, 114642, 157437]}, "Majority_Minority_Districts": [], "districtPlanId": "CoSW1", "stateId": "5", "proposedBy": "MGGG-generated", "total_pop": 4152516, "white": 3118422, "af_amer": 179444, "asian": 121128, "hispanic": 5127, "native_hawaiian": 662828, "two_or_more": 10969, "democraticPres": 1804352, "democraticSen": 1731114, "republicanPres": 1364607, "republicanSen": 1429492, "polsby_popper": 0.09303281405084464, "efficiency_gap": 0.0026335146652260253, "num_majority_minority_districts": 0, "vote_split_democrats_pres": 0.5693831949230015, "vote_split_republicans_pres": 0.43061680507699845, "vote_split_democrats_sen": 0.5477158494288753, "vote_split_republicans_sen": 0.45228415057112464}