{"Box_Whisker_Percents": {"white": [0.6321544201535568, 0.6545888003476129, 0.6874851136739069, 0.7282426436200348, 0.8179488603609384, 0.8205233134684602, 0.822512491518105, 0.8325691955442552], "af_amer": [0.00943225279131454, 0.011626674205746193, 0.02684898445514986, 0.029969239894601964, 0.03853380038648712, 0.07032759409989214, 0.07287000683810592, 0.09069100551941044], "asian": [0.009083338473875763, 0.02226507033729312, 0.02774889657263277, 0.029732868757259, 0.03240133374446268, 0.0353391777369711, 0.035693509199514833, 0.04085400555404343], "hispanic": [0.0005108414039849485, 0.00085842138021215, 0.0009857842471677303, 0.0009928771854090222, 0.0010218742556836954, 0.0010988467812154234, 0.0011261369099033016, 0.0032976668037461494], "native_hawaiian": [0.09547649189200577, 0.09881362739182653, 0.11432493308756926, 0.13451128863117637, 0.18925802709119266, 0.19127918692942666, 0.23008849557522124, 0.23033814663366414], "two_or_more": [0.0013185491333045462, 0.0019543503306045937, 0.00200132801877826, 0.0022307535645424387, 0.0032596252103293815, 0.0033671487157349448, 0.0035277962381664654, 0.0035537209320370268], "democraticPres": [0.4174633848657445, 0.44758583690987125, 0.4796318052260715, 0.5659462697991439, 0.5883447027704302, 0.641640485612401, 0.6700292218156816, 0.7441795741856756], "republicanPres": [0.2558204258143244, 0.32997077818431847, 0.358359514387599, 0.41165529722956984, 0.4340537302008561, 0.5203681947739285, 0.5524141630901288, 0.5825366151342555], "democraticSen": [0.38817689260289506, 0.4345857281784324, 0.46692978337288543, 0.5361017574768059, 0.570659477208706, 0.61850176134907, 0.6477704194260485, 0.7213402513572437], "republicanSen": [0.2786597486427564, 0.35222958057395143, 0.38149823865093, 0.4293405227912939, 0.4638982425231941, 0.5330702166271145, 0.5654142718215676, 0.611823107397105]}, "Seat_Vote_Input": {"democraticPres": [180598, 272241, 190657, 278088, 272856, 248434, 150174, 211304], "republicanPres": [252010, 152048, 206850, 95596, 134374, 190537, 185346, 147846], "democraticSen": [168435, 260555, 183968, 269989, 264096, 236742, 144342, 202987], "republicanSen": [265478, 160713, 210027, 104299, 143604, 204857, 187795, 152719]}, "Majority_Minority_Districts": [], "districtPlanId": "CoSW3", "stateId": "5", "proposedBy": "MGGG-generated", "total_pop": 4152516, "white": 3118422, "af_amer": 179444, "asian": 121128, "hispanic": 5127, "native_hawaiian": 662828, "two_or_more": 10969, "democraticPres": 1804352, "democraticSen": 1731114, "republicanPres": 1364607, "republicanSen": 1429492, "polsby_popper": 0.10375677530249233, "efficiency_gap": 0.006595383531311071, "num_majority_minority_districts": 0, "vote_split_democrats_pres": 0.5693831949230015, "vote_split_republicans_pres": 0.43061680507699845, "vote_split_democrats_sen": 0.5477158494288753, "vote_split_republicans_sen": 0.45228415057112464}