{"Box_Whisker_Percents": {"white": [0.5360848047407981, 0.6633923962852201, 0.6992057542035638, 0.744018551668642, 0.8126938953664757, 0.8345242229469523, 0.8529794277606999, 0.85476359277872], "af_amer": [0.00974340092674921, 0.011619916055805155, 0.0145564652666728, 0.026668425678205654, 0.039348104408304115, 0.05121809950472228, 0.0576336864332993, 0.13901066518113045], "asian": [0.01061492121064939, 0.016798858930562616, 0.02481193840151336, 0.024861747075620118, 0.03078000326276833, 0.03718484968888663, 0.04324646273773332, 0.04561564980098659], "hispanic": [0.0004837427193783025, 0.0007592663750295578, 0.000894487646479692, 0.0008982599366367829, 0.0009073428784582136, 0.001797716044568139, 0.0019275639628293006, 0.0022734705295964887], "native_hawaiian": [0.08334998574036602, 0.09734127453298652, 0.10179552763208918, 0.12194587273221937, 0.17409881160506557, 0.1965194693785526, 0.2457121242567879, 0.2612666618225269], "two_or_more": [0.0012906334091915034, 0.0017008966406802022, 0.0018898528020808703, 0.002310642731175828, 0.0028283435585071187, 0.0031718263021233506, 0.0032377912252433577, 0.004787624837519477], "democraticPres": [0.3808893636277533, 0.467543833177415, 0.49336136724842, 0.5017069414154889, 0.6097551462423024, 0.62816759118079, 0.6862175369505445, 0.7815460279059581], "republicanPres": [0.218453972094042, 0.3137824630494555, 0.3718324088192099, 0.3902448537576976, 0.4982930585845112, 0.50663863275158, 0.532456166822585, 0.6191106363722467], "democraticSen": [0.36090611310627885, 0.4551634074470935, 0.4695496674299422, 0.47638565277479805, 0.5857298786774374, 0.6026001389102538, 0.6717244504871969, 0.7584828952169154], "republicanSen": [0.2415171047830846, 0.3282755495128031, 0.3973998610897463, 0.4142701213225626, 0.523614347225202, 0.5304503325700578, 0.5448365925529065, 0.6390938868937212]}, "Seat_Vote_Input": {"democraticPres": [314008, 154930, 268612, 144773, 198983, 228671, 265763, 228612], "republicanPres": [87770, 176440, 159000, 235319, 204338, 227115, 170089, 104536], "democraticSen": [305592, 149523, 258548, 137175, 190963, 215312, 251677, 222324], "republicanSen": [97307, 178981, 170506, 242910, 209895, 243238, 178004, 108651]}, "Majority_Minority_Districts": [], "districtPlanId": "CoSW5", "stateId": "5", "proposedBy": "MGGG-generated", "total_pop": 4152516, "white": 3118422, "af_amer": 179444, "asian": 121128, "hispanic": 5127, "native_hawaiian": 662828, "two_or_more": 10969, "democraticPres": 1804352, "democraticSen": 1731114, "republicanPres": 1364607, "republicanSen": 1429492, "polsby_popper": 0.1156127719257847, "efficiency_gap": 0.009451526510756371, "num_majority_minority_districts": 0, "vote_split_democrats_pres": 0.5693831949230015, "vote_split_republicans_pres": 0.43061680507699845, "vote_split_democrats_sen": 0.5477158494288753, "vote_split_republicans_sen": 0.45228415057112464}