{"Box_Whisker_Percents": {"white": [0.5908363322407377, 0.6745442294369418, 0.7034981840240782, 0.7357612147242686, 0.742851439309454, 0.8363589831086845, 0.8542306996926414, 0.8697925141622423], "af_amer": [0.009916439357612822, 0.01064296769457237, 0.01684520873202183, 0.020474324055005648, 0.02787730573091433, 0.03352361546418211, 0.07121285166163985, 0.15570632864968942], "asian": [0.0096117527592981, 0.010405776139231054, 0.02406540553018062, 0.028835908882338758, 0.03262519572726874, 0.0404200553189284, 0.04256952738440539, 0.04456147187139463], "hispanic": [0.00048540636570161853, 0.0005997903571874563, 0.0008360488719173128, 0.0009706345143983773, 0.0009904429929037447, 0.0013741921401524138, 0.0019215928973647818, 0.002739185694876627], "native_hawaiian": [0.08181766478985383, 0.08251563806719922, 0.1016523468513438, 0.13960085582121784, 0.1858616182226155, 0.19008870653494395, 0.21907980183697437, 0.27566028603695514], "two_or_more": [0.0013756455708143036, 0.0015761052603695616, 0.0017765798938987009, 0.0019981611542883686, 0.002098617983279304, 0.002496480817539139, 0.004703430854984521, 0.005170727607521336], "democraticPres": [0.3973219139700409, 0.4449074458847165, 0.48721719881439235, 0.5124160275144574, 0.6062769793778285, 0.6242239078353833, 0.7189897972306769, 0.7563299340356352], "republicanPres": [0.24367006596436483, 0.2810102027693231, 0.37577609216461666, 0.39372302062217146, 0.4875839724855427, 0.5127828011856076, 0.5550925541152836, 0.6026780860299591], "democraticSen": [0.3896896689091001, 0.4189374666199585, 0.4713654612404858, 0.479633169052048, 0.5814038307685068, 0.6016995876881772, 0.6971739728699258, 0.7371194253859348], "republicanSen": [0.26288057461406517, 0.30282602713007417, 0.3983004123118228, 0.41859616923149323, 0.520366830947952, 0.5286345387595142, 0.5810625333800414, 0.6103103310908999]}, "Seat_Vote_Input": {"democraticPres": [194787, 142515, 261095, 155242, 238977, 260297, 268350, 283089], "republicanPres": [205008, 216174, 169558, 193689, 227396, 156696, 104882, 91204], "democraticSen": [187150, 138908, 247085, 145900, 225100, 251005, 260932, 275034], "republicanSen": [209888, 217550, 177895, 202362, 244217, 166155, 113339, 98086]}, "Majority_Minority_Districts": [], "districtPlanId": "CoSW7", "stateId": "5", "proposedBy": "MGGG-generated", "total_pop": 4152516, "white": 3118422, "af_amer": 179444, "asian": 121128, "hispanic": 5127, "native_hawaiian": 662828, "two_or_more": 10969, "democraticPres": 1804352, "democraticSen": 1731114, "republicanPres": 1364607, "republicanSen": 1429492, "polsby_popper": 0.11466665020184424, "efficiency_gap": 0.01177658025869063, "num_majority_minority_districts": 0, "vote_split_democrats_pres": 0.5693831949230015, "vote_split_republicans_pres": 0.43061680507699845, "vote_split_democrats_sen": 0.5477158494288753, "vote_split_republicans_sen": 0.45228415057112464}