{"Box_Whisker_Percents": {"white": [0.6227276453971543, 0.728214786813721, 0.7291874084638065, 0.7300853757455893, 0.7431051426688707, 0.8013031195288874, 0.829980779112033, 0.8306529938567692], "af_amer": [0.009539585406400639, 0.011682874379127257, 0.017354368932038833, 0.019732332888423937, 0.024345933800899913, 0.06806523628555361, 0.08855706284620382, 0.10242645359887305], "asian": [0.009265493633324793, 0.012113180393355598, 0.028568709916836355, 0.029269720186738575, 0.03210050931083877, 0.03218641535586269, 0.03818561941461015, 0.051014249854887506], "hispanic": [0.0005263356511963709, 0.0005948591437211523, 0.0008440972817458838, 0.0010010086208537118, 0.0011182857761264024, 0.001376774733335821, 0.0017778683262667072, 0.002592258066959408], "native_hawaiian": [0.11597236759472472, 0.11697028172966407, 0.12617159336697908, 0.13554915538589427, 0.13614714308451376, 0.2017043724872879, 0.21969262188168476, 0.2219199201061707], "two_or_more": [0.00135258331496124, 0.0017401175659565442, 0.0017847005595226116, 0.0020667212210021503, 0.0024351424478752186, 0.003494232018543647, 0.003558997368950636, 0.004589944159466476], "democraticPres": [0.42615609247707936, 0.4442144974400431, 0.47965527203689756, 0.5702551555400209, 0.5836385504676429, 0.628553665961925, 0.6918799706636567, 0.7224898643085119], "republicanPres": [0.27751013569148814, 0.30812002933634325, 0.37144633403807503, 0.41636144953235715, 0.429744844459979, 0.5203447279631025, 0.5557855025599568, 0.5738439075229206], "democraticSen": [0.4115080753384958, 0.41810641589515546, 0.4663056574020344, 0.5414358599735246, 0.5560143172913922, 0.6044009078963087, 0.6705487348871993, 0.7041999727614637], "republicanSen": [0.29580002723853627, 0.3294512651128007, 0.3955990921036913, 0.4439856827086078, 0.4585641400264754, 0.5336943425979657, 0.5818935841048445, 0.5884919246615041]}, "Seat_Vote_Input": {"democraticPres": [185947, 236317, 244725, 165196, 266032, 276395, 164848, 264892], "republicanPres": [201721, 168586, 184425, 222446, 118474, 106164, 206252, 156539], "democraticSen": [179198, 226642, 232727, 157615, 258231, 268872, 154857, 252972], "republicanSen": [205095, 180977, 197106, 225403, 126873, 112940, 215520, 165578]}, "Majority_Minority_Districts": [], "districtPlanId": "CoSW9", "stateId": "5", "proposedBy": "MGGG-generated", "total_pop": 4152516, "white": 3118422, "af_amer": 179444, "asian": 121128, "hispanic": 5127, "native_hawaiian": 662828, "two_or_more": 10969, "democraticPres": 1804352, "democraticSen": 1731114, "republicanPres": 1364607, "republicanSen": 1429492, "polsby_popper": 0.11419947963073998, "efficiency_gap": 0.0005287225237057343, "num_majority_minority_districts": 0, "vote_split_democrats_pres": 0.5693831949230015, "vote_split_republicans_pres": 0.43061680507699845, "vote_split_democrats_sen": 0.5477158494288753, "vote_split_republicans_sen": 0.45228415057112464}